	s_domain	domain_type	encoder_type	metric_name	metric_value	full_metric_name	clip_model_name
0	jojo (image)	image	orig	quality	0.7822265625	quality/jojo/ViT-B-32,	ViT-B-32
1	jojo (image)	image	orig	diversity	0.1885986328125	diversity/jojo/ViT-B-32,	ViT-B-32
2	jojo (image)	image	e4e	quality	0.783203125	quality/jojo/ViT-B-32,	ViT-B-32
3	jojo (image)	image	e4e	diversity	0.171142578125	diversity/jojo/ViT-B-32,	ViT-B-32
4	jojo (image)	image	fse	quality	0.77490234375	quality/jojo/ViT-B-32,	ViT-B-32
5	jojo (image)	image	fse	diversity	0.1756591796875	diversity/jojo/ViT-B-32,	ViT-B-32
6	jojo (image)	image	fse_with_features	quality	0.65869140625	quality/jojo/ViT-B-32,	ViT-B-32
7	jojo (image)	image	fse_with_features	diversity	0.3017578125	diversity/jojo/ViT-B-32,	ViT-B-32
8	jojo (image)	image	fse_with_generator_shift	quality	0.70166015625	quality/jojo/ViT-B-32,	ViT-B-32
9	jojo (image)	image	fse_with_generator_shift	diversity	0.26318359375	diversity/jojo/ViT-B-32,	ViT-B-32
10	nigelwy_untitled_artwork_18 (image)	image	orig	quality	0.7734375	quality/nigelwy_untitled_artwork_18/ViT-B-32,	ViT-B-32
11	nigelwy_untitled_artwork_18 (image)	image	orig	diversity	0.2388916015625	diversity/nigelwy_untitled_artwork_18/ViT-B-32,	ViT-B-32
12	nigelwy_untitled_artwork_18 (image)	image	e4e	quality	0.7578125	quality/nigelwy_untitled_artwork_18/ViT-B-32,	ViT-B-32
13	nigelwy_untitled_artwork_18 (image)	image	e4e	diversity	0.237548828125	diversity/nigelwy_untitled_artwork_18/ViT-B-32,	ViT-B-32
14	nigelwy_untitled_artwork_18 (image)	image	fse	quality	0.7333984375	quality/nigelwy_untitled_artwork_18/ViT-B-32,	ViT-B-32
15	nigelwy_untitled_artwork_18 (image)	image	fse	diversity	0.25341796875	diversity/nigelwy_untitled_artwork_18/ViT-B-32,	ViT-B-32
16	nigelwy_untitled_artwork_18 (image)	image	fse_with_features	quality	0.60498046875	quality/nigelwy_untitled_artwork_18/ViT-B-32,	ViT-B-32
17	nigelwy_untitled_artwork_18 (image)	image	fse_with_features	diversity	0.33349609375	diversity/nigelwy_untitled_artwork_18/ViT-B-32,	ViT-B-32
18	nigelwy_untitled_artwork_18 (image)	image	fse_with_generator_shift	quality	0.64990234375	quality/nigelwy_untitled_artwork_18/ViT-B-32,	ViT-B-32
19	nigelwy_untitled_artwork_18 (image)	image	fse_with_generator_shift	diversity	0.311279296875	diversity/nigelwy_untitled_artwork_18/ViT-B-32,	ViT-B-32
20	digital_painting_jing (image)	image	orig	quality	0.779296875	quality/digital_painting_jing/ViT-B-32,	ViT-B-32
21	digital_painting_jing (image)	image	orig	diversity	0.21875	diversity/digital_painting_jing/ViT-B-32,	ViT-B-32
22	digital_painting_jing (image)	image	e4e	quality	0.76708984375	quality/digital_painting_jing/ViT-B-32,	ViT-B-32
23	digital_painting_jing (image)	image	e4e	diversity	0.2218017578125	diversity/digital_painting_jing/ViT-B-32,	ViT-B-32
24	digital_painting_jing (image)	image	fse	quality	0.7509765625	quality/digital_painting_jing/ViT-B-32,	ViT-B-32
25	digital_painting_jing (image)	image	fse	diversity	0.224365234375	diversity/digital_painting_jing/ViT-B-32,	ViT-B-32
26	digital_painting_jing (image)	image	fse_with_features	quality	0.6748046875	quality/digital_painting_jing/ViT-B-32,	ViT-B-32
27	digital_painting_jing (image)	image	fse_with_features	diversity	0.296875	diversity/digital_painting_jing/ViT-B-32,	ViT-B-32
28	digital_painting_jing (image)	image	fse_with_generator_shift	quality	0.70703125	quality/digital_painting_jing/ViT-B-32,	ViT-B-32
29	digital_painting_jing (image)	image	fse_with_generator_shift	diversity	0.27294921875	diversity/digital_painting_jing/ViT-B-32,	ViT-B-32
30	titan_armin (image)	image	orig	quality	0.7802734375	quality/titan_armin/ViT-B-32,	ViT-B-32
31	titan_armin (image)	image	orig	diversity	0.2420654296875	diversity/titan_armin/ViT-B-32,	ViT-B-32
32	titan_armin (image)	image	e4e	quality	0.7939453125	quality/titan_armin/ViT-B-32,	ViT-B-32
33	titan_armin (image)	image	e4e	diversity	0.217041015625	diversity/titan_armin/ViT-B-32,	ViT-B-32
34	titan_armin (image)	image	fse	quality	0.78173828125	quality/titan_armin/ViT-B-32,	ViT-B-32
35	titan_armin (image)	image	fse	diversity	0.21484375	diversity/titan_armin/ViT-B-32,	ViT-B-32
36	titan_armin (image)	image	fse_with_features	quality	0.6728515625	quality/titan_armin/ViT-B-32,	ViT-B-32
37	titan_armin (image)	image	fse_with_features	diversity	0.308837890625	diversity/titan_armin/ViT-B-32,	ViT-B-32
38	titan_armin (image)	image	fse_with_generator_shift	quality	0.708984375	quality/titan_armin/ViT-B-32,	ViT-B-32
39	titan_armin (image)	image	fse_with_generator_shift	diversity	0.281494140625	diversity/titan_armin/ViT-B-32,	ViT-B-32
40	joker (image)	image	orig	quality	0.76708984375	quality/joker/ViT-B-32,	ViT-B-32
41	joker (image)	image	orig	diversity	0.12451171875	diversity/joker/ViT-B-32,	ViT-B-32
42	joker (image)	image	e4e	quality	0.77392578125	quality/joker/ViT-B-32,	ViT-B-32
43	joker (image)	image	e4e	diversity	0.11639404296875	diversity/joker/ViT-B-32,	ViT-B-32
44	joker (image)	image	fse	quality	0.78271484375	quality/joker/ViT-B-32,	ViT-B-32
45	joker (image)	image	fse	diversity	0.1162109375	diversity/joker/ViT-B-32,	ViT-B-32
46	joker (image)	image	fse_with_features	quality	0.65087890625	quality/joker/ViT-B-32,	ViT-B-32
47	joker (image)	image	fse_with_features	diversity	0.25732421875	diversity/joker/ViT-B-32,	ViT-B-32
48	joker (image)	image	fse_with_generator_shift	quality	0.76220703125	quality/joker/ViT-B-32,	ViT-B-32
49	joker (image)	image	fse_with_generator_shift	diversity	0.1392822265625	diversity/joker/ViT-B-32,	ViT-B-32
50	oliver_wetter_corie_lynn_concept_1_final_back_web (image)	image	orig	quality	0.7001953125	quality/oliver_wetter_corie_lynn_concept_1_final_back_web/ViT-B-32,	ViT-B-32
51	oliver_wetter_corie_lynn_concept_1_final_back_web (image)	image	orig	diversity	0.265869140625	diversity/oliver_wetter_corie_lynn_concept_1_final_back_web/ViT-B-32,	ViT-B-32
52	oliver_wetter_corie_lynn_concept_1_final_back_web (image)	image	e4e	quality	0.68896484375	quality/oliver_wetter_corie_lynn_concept_1_final_back_web/ViT-B-32,	ViT-B-32
53	oliver_wetter_corie_lynn_concept_1_final_back_web (image)	image	e4e	diversity	0.25634765625	diversity/oliver_wetter_corie_lynn_concept_1_final_back_web/ViT-B-32,	ViT-B-32
54	oliver_wetter_corie_lynn_concept_1_final_back_web (image)	image	fse	quality	0.68115234375	quality/oliver_wetter_corie_lynn_concept_1_final_back_web/ViT-B-32,	ViT-B-32
55	oliver_wetter_corie_lynn_concept_1_final_back_web (image)	image	fse	diversity	0.2476806640625	diversity/oliver_wetter_corie_lynn_concept_1_final_back_web/ViT-B-32,	ViT-B-32
56	oliver_wetter_corie_lynn_concept_1_final_back_web (image)	image	fse_with_features	quality	0.58203125	quality/oliver_wetter_corie_lynn_concept_1_final_back_web/ViT-B-32,	ViT-B-32
57	oliver_wetter_corie_lynn_concept_1_final_back_web (image)	image	fse_with_features	diversity	0.33447265625	diversity/oliver_wetter_corie_lynn_concept_1_final_back_web/ViT-B-32,	ViT-B-32
58	oliver_wetter_corie_lynn_concept_1_final_back_web (image)	image	fse_with_generator_shift	quality	0.607421875	quality/oliver_wetter_corie_lynn_concept_1_final_back_web/ViT-B-32,	ViT-B-32
59	oliver_wetter_corie_lynn_concept_1_final_back_web (image)	image	fse_with_generator_shift	diversity	0.3212890625	diversity/oliver_wetter_corie_lynn_concept_1_final_back_web/ViT-B-32,	ViT-B-32
60	murasaki_nora_asuya (image)	image	orig	quality	0.7158203125	quality/murasaki_nora_asuya/ViT-B-32,	ViT-B-32
61	murasaki_nora_asuya (image)	image	orig	diversity	0.23779296875	diversity/murasaki_nora_asuya/ViT-B-32,	ViT-B-32
62	murasaki_nora_asuya (image)	image	e4e	quality	0.71240234375	quality/murasaki_nora_asuya/ViT-B-32,	ViT-B-32
63	murasaki_nora_asuya (image)	image	e4e	diversity	0.2257080078125	diversity/murasaki_nora_asuya/ViT-B-32,	ViT-B-32
64	murasaki_nora_asuya (image)	image	fse	quality	0.697265625	quality/murasaki_nora_asuya/ViT-B-32,	ViT-B-32
65	murasaki_nora_asuya (image)	image	fse	diversity	0.2215576171875	diversity/murasaki_nora_asuya/ViT-B-32,	ViT-B-32
66	murasaki_nora_asuya (image)	image	fse_with_features	quality	0.60400390625	quality/murasaki_nora_asuya/ViT-B-32,	ViT-B-32
67	murasaki_nora_asuya (image)	image	fse_with_features	diversity	0.314697265625	diversity/murasaki_nora_asuya/ViT-B-32,	ViT-B-32
68	murasaki_nora_asuya (image)	image	fse_with_generator_shift	quality	0.63330078125	quality/murasaki_nora_asuya/ViT-B-32,	ViT-B-32
69	murasaki_nora_asuya (image)	image	fse_with_generator_shift	diversity	0.29541015625	diversity/murasaki_nora_asuya/ViT-B-32,	ViT-B-32
70	disney_princess (image)	image	orig	quality	0.6533203125	quality/disney_princess/ViT-B-32,	ViT-B-32
71	disney_princess (image)	image	orig	diversity	0.1744384765625	diversity/disney_princess/ViT-B-32,	ViT-B-32
72	disney_princess (image)	image	e4e	quality	0.638671875	quality/disney_princess/ViT-B-32,	ViT-B-32
73	disney_princess (image)	image	e4e	diversity	0.157958984375	diversity/disney_princess/ViT-B-32,	ViT-B-32
74	disney_princess (image)	image	fse	quality	0.630859375	quality/disney_princess/ViT-B-32,	ViT-B-32
75	disney_princess (image)	image	fse	diversity	0.1680908203125	diversity/disney_princess/ViT-B-32,	ViT-B-32
76	disney_princess (image)	image	fse_with_features	quality	0.5400390625	quality/disney_princess/ViT-B-32,	ViT-B-32
77	disney_princess (image)	image	fse_with_features	diversity	0.3173828125	diversity/disney_princess/ViT-B-32,	ViT-B-32
78	disney_princess (image)	image	fse_with_generator_shift	quality	0.59130859375	quality/disney_princess/ViT-B-32,	ViT-B-32
79	disney_princess (image)	image	fse_with_generator_shift	diversity	0.2305908203125	diversity/disney_princess/ViT-B-32,	ViT-B-32
80	remi_castaneda_sean_connery_final (image)	image	orig	quality	0.7607421875	quality/remi_castaneda_sean_connery_final/ViT-B-32,	ViT-B-32
81	remi_castaneda_sean_connery_final (image)	image	orig	diversity	0.2646484375	diversity/remi_castaneda_sean_connery_final/ViT-B-32,	ViT-B-32
82	remi_castaneda_sean_connery_final (image)	image	e4e	quality	0.75048828125	quality/remi_castaneda_sean_connery_final/ViT-B-32,	ViT-B-32
83	remi_castaneda_sean_connery_final (image)	image	e4e	diversity	0.2393798828125	diversity/remi_castaneda_sean_connery_final/ViT-B-32,	ViT-B-32
84	remi_castaneda_sean_connery_final (image)	image	fse	quality	0.72900390625	quality/remi_castaneda_sean_connery_final/ViT-B-32,	ViT-B-32
85	remi_castaneda_sean_connery_final (image)	image	fse	diversity	0.2464599609375	diversity/remi_castaneda_sean_connery_final/ViT-B-32,	ViT-B-32
86	remi_castaneda_sean_connery_final (image)	image	fse_with_features	quality	0.64111328125	quality/remi_castaneda_sean_connery_final/ViT-B-32,	ViT-B-32
87	remi_castaneda_sean_connery_final (image)	image	fse_with_features	diversity	0.322265625	diversity/remi_castaneda_sean_connery_final/ViT-B-32,	ViT-B-32
88	remi_castaneda_sean_connery_final (image)	image	fse_with_generator_shift	quality	0.6875	quality/remi_castaneda_sean_connery_final/ViT-B-32,	ViT-B-32
89	remi_castaneda_sean_connery_final (image)	image	fse_with_generator_shift	diversity	0.2861328125	diversity/remi_castaneda_sean_connery_final/ViT-B-32,	ViT-B-32
90	stanislav_galai_04_23 (image)	image	orig	quality	0.75390625	quality/stanislav_galai_04_23/ViT-B-32,	ViT-B-32
91	stanislav_galai_04_23 (image)	image	orig	diversity	0.267333984375	diversity/stanislav_galai_04_23/ViT-B-32,	ViT-B-32
92	stanislav_galai_04_23 (image)	image	e4e	quality	0.740234375	quality/stanislav_galai_04_23/ViT-B-32,	ViT-B-32
93	stanislav_galai_04_23 (image)	image	e4e	diversity	0.255859375	diversity/stanislav_galai_04_23/ViT-B-32,	ViT-B-32
94	stanislav_galai_04_23 (image)	image	fse	quality	0.71240234375	quality/stanislav_galai_04_23/ViT-B-32,	ViT-B-32
95	stanislav_galai_04_23 (image)	image	fse	diversity	0.27490234375	diversity/stanislav_galai_04_23/ViT-B-32,	ViT-B-32
96	stanislav_galai_04_23 (image)	image	fse_with_features	quality	0.607421875	quality/stanislav_galai_04_23/ViT-B-32,	ViT-B-32
97	stanislav_galai_04_23 (image)	image	fse_with_features	diversity	0.35302734375	diversity/stanislav_galai_04_23/ViT-B-32,	ViT-B-32
98	stanislav_galai_04_23 (image)	image	fse_with_generator_shift	quality	0.64111328125	quality/stanislav_galai_04_23/ViT-B-32,	ViT-B-32
99	stanislav_galai_04_23 (image)	image	fse_with_generator_shift	diversity	0.3388671875	diversity/stanislav_galai_04_23/ViT-B-32,	ViT-B-32
100	anastasia (image)	image	orig	quality	0.677734375	quality/anastasia/ViT-B-32,	ViT-B-32
101	anastasia (image)	image	orig	diversity	0.26708984375	diversity/anastasia/ViT-B-32,	ViT-B-32
102	anastasia (image)	image	e4e	quality	0.67431640625	quality/anastasia/ViT-B-32,	ViT-B-32
103	anastasia (image)	image	e4e	diversity	0.2435302734375	diversity/anastasia/ViT-B-32,	ViT-B-32
104	anastasia (image)	image	fse	quality	0.67724609375	quality/anastasia/ViT-B-32,	ViT-B-32
105	anastasia (image)	image	fse	diversity	0.2451171875	diversity/anastasia/ViT-B-32,	ViT-B-32
106	anastasia (image)	image	fse_with_features	quality	0.595703125	quality/anastasia/ViT-B-32,	ViT-B-32
107	anastasia (image)	image	fse_with_features	diversity	0.342529296875	diversity/anastasia/ViT-B-32,	ViT-B-32
108	anastasia (image)	image	fse_with_generator_shift	quality	0.6201171875	quality/anastasia/ViT-B-32,	ViT-B-32
109	anastasia (image)	image	fse_with_generator_shift	diversity	0.319580078125	diversity/anastasia/ViT-B-32,	ViT-B-32
110	sketch (image)	image	orig	quality	0.505859375	quality/sketch/ViT-B-32,	ViT-B-32
111	sketch (image)	image	orig	diversity	0.157470703125	diversity/sketch/ViT-B-32,	ViT-B-32
112	sketch (image)	image	e4e	quality	0.51708984375	quality/sketch/ViT-B-32,	ViT-B-32
113	sketch (image)	image	e4e	diversity	0.1729736328125	diversity/sketch/ViT-B-32,	ViT-B-32
114	sketch (image)	image	fse	quality	0.513671875	quality/sketch/ViT-B-32,	ViT-B-32
115	sketch (image)	image	fse	diversity	0.1636962890625	diversity/sketch/ViT-B-32,	ViT-B-32
116	sketch (image)	image	fse_with_features	quality	0.5	quality/sketch/ViT-B-32,	ViT-B-32
117	sketch (image)	image	fse_with_features	diversity	0.299072265625	diversity/sketch/ViT-B-32,	ViT-B-32
118	sketch (image)	image	fse_with_generator_shift	quality	0.52685546875	quality/sketch/ViT-B-32,	ViT-B-32
119	sketch (image)	image	fse_with_generator_shift	diversity	0.2568359375	diversity/sketch/ViT-B-32,	ViT-B-32
120	maria_trepalina_img_6833_1 (image)	image	orig	quality	0.7548828125	quality/maria_trepalina_img_6833_1/ViT-B-32,	ViT-B-32
121	maria_trepalina_img_6833_1 (image)	image	orig	diversity	0.25341796875	diversity/maria_trepalina_img_6833_1/ViT-B-32,	ViT-B-32
122	maria_trepalina_img_6833_1 (image)	image	e4e	quality	0.744140625	quality/maria_trepalina_img_6833_1/ViT-B-32,	ViT-B-32
123	maria_trepalina_img_6833_1 (image)	image	e4e	diversity	0.244873046875	diversity/maria_trepalina_img_6833_1/ViT-B-32,	ViT-B-32
124	maria_trepalina_img_6833_1 (image)	image	fse	quality	0.73388671875	quality/maria_trepalina_img_6833_1/ViT-B-32,	ViT-B-32
125	maria_trepalina_img_6833_1 (image)	image	fse	diversity	0.25390625	diversity/maria_trepalina_img_6833_1/ViT-B-32,	ViT-B-32
126	maria_trepalina_img_6833_1 (image)	image	fse_with_features	quality	0.64306640625	quality/maria_trepalina_img_6833_1/ViT-B-32,	ViT-B-32
127	maria_trepalina_img_6833_1 (image)	image	fse_with_features	diversity	0.327392578125	diversity/maria_trepalina_img_6833_1/ViT-B-32,	ViT-B-32
128	maria_trepalina_img_6833_1 (image)	image	fse_with_generator_shift	quality	0.67041015625	quality/maria_trepalina_img_6833_1/ViT-B-32,	ViT-B-32
129	maria_trepalina_img_6833_1 (image)	image	fse_with_generator_shift	diversity	0.3134765625	diversity/maria_trepalina_img_6833_1/ViT-B-32,	ViT-B-32
130	rain_artwork_dtiyschallennge (image)	image	orig	quality	0.74072265625	quality/rain_artwork_dtiyschallennge/ViT-B-32,	ViT-B-32
131	rain_artwork_dtiyschallennge (image)	image	orig	diversity	0.2142333984375	diversity/rain_artwork_dtiyschallennge/ViT-B-32,	ViT-B-32
132	rain_artwork_dtiyschallennge (image)	image	e4e	quality	0.72998046875	quality/rain_artwork_dtiyschallennge/ViT-B-32,	ViT-B-32
133	rain_artwork_dtiyschallennge (image)	image	e4e	diversity	0.1956787109375	diversity/rain_artwork_dtiyschallennge/ViT-B-32,	ViT-B-32
134	rain_artwork_dtiyschallennge (image)	image	fse	quality	0.71630859375	quality/rain_artwork_dtiyschallennge/ViT-B-32,	ViT-B-32
135	rain_artwork_dtiyschallennge (image)	image	fse	diversity	0.1993408203125	diversity/rain_artwork_dtiyschallennge/ViT-B-32,	ViT-B-32
136	rain_artwork_dtiyschallennge (image)	image	fse_with_features	quality	0.6298828125	quality/rain_artwork_dtiyschallennge/ViT-B-32,	ViT-B-32
137	rain_artwork_dtiyschallennge (image)	image	fse_with_features	diversity	0.29150390625	diversity/rain_artwork_dtiyschallennge/ViT-B-32,	ViT-B-32
138	rain_artwork_dtiyschallennge (image)	image	fse_with_generator_shift	quality	0.666015625	quality/rain_artwork_dtiyschallennge/ViT-B-32,	ViT-B-32
139	rain_artwork_dtiyschallennge (image)	image	fse_with_generator_shift	diversity	0.2646484375	diversity/rain_artwork_dtiyschallennge/ViT-B-32,	ViT-B-32
140	mermaid (image)	image	orig	quality	0.81494140625	quality/mermaid/ViT-B-32,	ViT-B-32
141	mermaid (image)	image	orig	diversity	0.2003173828125	diversity/mermaid/ViT-B-32,	ViT-B-32
142	mermaid (image)	image	e4e	quality	0.82373046875	quality/mermaid/ViT-B-32,	ViT-B-32
143	mermaid (image)	image	e4e	diversity	0.163818359375	diversity/mermaid/ViT-B-32,	ViT-B-32
144	mermaid (image)	image	fse	quality	0.8173828125	quality/mermaid/ViT-B-32,	ViT-B-32
145	mermaid (image)	image	fse	diversity	0.17236328125	diversity/mermaid/ViT-B-32,	ViT-B-32
146	mermaid (image)	image	fse_with_features	quality	0.69287109375	quality/mermaid/ViT-B-32,	ViT-B-32
147	mermaid (image)	image	fse_with_features	diversity	0.290283203125	diversity/mermaid/ViT-B-32,	ViT-B-32
148	mermaid (image)	image	fse_with_generator_shift	quality	0.7548828125	quality/mermaid/ViT-B-32,	ViT-B-32
149	mermaid (image)	image	fse_with_generator_shift	diversity	0.2445068359375	diversity/mermaid/ViT-B-32,	ViT-B-32
150	truc_huynh_hex_009v2 (image)	image	orig	quality	0.78125	quality/truc_huynh_hex_009v2/ViT-B-32,	ViT-B-32
151	truc_huynh_hex_009v2 (image)	image	orig	diversity	0.24365234375	diversity/truc_huynh_hex_009v2/ViT-B-32,	ViT-B-32
152	truc_huynh_hex_009v2 (image)	image	e4e	quality	0.771484375	quality/truc_huynh_hex_009v2/ViT-B-32,	ViT-B-32
153	truc_huynh_hex_009v2 (image)	image	e4e	diversity	0.2412109375	diversity/truc_huynh_hex_009v2/ViT-B-32,	ViT-B-32
154	truc_huynh_hex_009v2 (image)	image	fse	quality	0.7529296875	quality/truc_huynh_hex_009v2/ViT-B-32,	ViT-B-32
155	truc_huynh_hex_009v2 (image)	image	fse	diversity	0.244873046875	diversity/truc_huynh_hex_009v2/ViT-B-32,	ViT-B-32
156	truc_huynh_hex_009v2 (image)	image	fse_with_features	quality	0.67236328125	quality/truc_huynh_hex_009v2/ViT-B-32,	ViT-B-32
157	truc_huynh_hex_009v2 (image)	image	fse_with_features	diversity	0.31787109375	diversity/truc_huynh_hex_009v2/ViT-B-32,	ViT-B-32
158	truc_huynh_hex_009v2 (image)	image	fse_with_generator_shift	quality	0.69970703125	quality/truc_huynh_hex_009v2/ViT-B-32,	ViT-B-32
159	truc_huynh_hex_009v2 (image)	image	fse_with_generator_shift	diversity	0.30224609375	diversity/truc_huynh_hex_009v2/ViT-B-32,	ViT-B-32
160	speed_paint (image)	image	orig	quality	0.78076171875	quality/speed_paint/ViT-B-32,	ViT-B-32
161	speed_paint (image)	image	orig	diversity	0.254150390625	diversity/speed_paint/ViT-B-32,	ViT-B-32
162	speed_paint (image)	image	e4e	quality	0.79296875	quality/speed_paint/ViT-B-32,	ViT-B-32
163	speed_paint (image)	image	e4e	diversity	0.234375	diversity/speed_paint/ViT-B-32,	ViT-B-32
164	speed_paint (image)	image	fse	quality	0.77099609375	quality/speed_paint/ViT-B-32,	ViT-B-32
165	speed_paint (image)	image	fse	diversity	0.24853515625	diversity/speed_paint/ViT-B-32,	ViT-B-32
166	speed_paint (image)	image	fse_with_features	quality	0.64990234375	quality/speed_paint/ViT-B-32,	ViT-B-32
167	speed_paint (image)	image	fse_with_features	diversity	0.35205078125	diversity/speed_paint/ViT-B-32,	ViT-B-32
168	speed_paint (image)	image	fse_with_generator_shift	quality	0.6904296875	quality/speed_paint/ViT-B-32,	ViT-B-32
169	speed_paint (image)	image	fse_with_generator_shift	diversity	0.32861328125	diversity/speed_paint/ViT-B-32,	ViT-B-32
170	naufal_ilyasa_seraphine_ig_full_res (image)	image	orig	quality	0.69775390625	quality/naufal_ilyasa_seraphine_ig_full_res/ViT-B-32,	ViT-B-32
171	naufal_ilyasa_seraphine_ig_full_res (image)	image	orig	diversity	0.283935546875	diversity/naufal_ilyasa_seraphine_ig_full_res/ViT-B-32,	ViT-B-32
172	naufal_ilyasa_seraphine_ig_full_res (image)	image	e4e	quality	0.69091796875	quality/naufal_ilyasa_seraphine_ig_full_res/ViT-B-32,	ViT-B-32
173	naufal_ilyasa_seraphine_ig_full_res (image)	image	e4e	diversity	0.271240234375	diversity/naufal_ilyasa_seraphine_ig_full_res/ViT-B-32,	ViT-B-32
174	naufal_ilyasa_seraphine_ig_full_res (image)	image	fse	quality	0.68603515625	quality/naufal_ilyasa_seraphine_ig_full_res/ViT-B-32,	ViT-B-32
175	naufal_ilyasa_seraphine_ig_full_res (image)	image	fse	diversity	0.275146484375	diversity/naufal_ilyasa_seraphine_ig_full_res/ViT-B-32,	ViT-B-32
176	naufal_ilyasa_seraphine_ig_full_res (image)	image	fse_with_features	quality	0.6376953125	quality/naufal_ilyasa_seraphine_ig_full_res/ViT-B-32,	ViT-B-32
177	naufal_ilyasa_seraphine_ig_full_res (image)	image	fse_with_features	diversity	0.328369140625	diversity/naufal_ilyasa_seraphine_ig_full_res/ViT-B-32,	ViT-B-32
178	naufal_ilyasa_seraphine_ig_full_res (image)	image	fse_with_generator_shift	quality	0.65625	quality/naufal_ilyasa_seraphine_ig_full_res/ViT-B-32,	ViT-B-32
179	naufal_ilyasa_seraphine_ig_full_res (image)	image	fse_with_generator_shift	diversity	0.317626953125	diversity/naufal_ilyasa_seraphine_ig_full_res/ViT-B-32,	ViT-B-32
180	rich_d_amaru_studyfinal (image)	image	orig	quality	0.76220703125	quality/rich_d_amaru_studyfinal/ViT-B-32,	ViT-B-32
181	rich_d_amaru_studyfinal (image)	image	orig	diversity	0.249755859375	diversity/rich_d_amaru_studyfinal/ViT-B-32,	ViT-B-32
182	rich_d_amaru_studyfinal (image)	image	e4e	quality	0.7529296875	quality/rich_d_amaru_studyfinal/ViT-B-32,	ViT-B-32
183	rich_d_amaru_studyfinal (image)	image	e4e	diversity	0.2413330078125	diversity/rich_d_amaru_studyfinal/ViT-B-32,	ViT-B-32
184	rich_d_amaru_studyfinal (image)	image	fse	quality	0.7431640625	quality/rich_d_amaru_studyfinal/ViT-B-32,	ViT-B-32
185	rich_d_amaru_studyfinal (image)	image	fse	diversity	0.25830078125	diversity/rich_d_amaru_studyfinal/ViT-B-32,	ViT-B-32
186	rich_d_amaru_studyfinal (image)	image	fse_with_features	quality	0.626953125	quality/rich_d_amaru_studyfinal/ViT-B-32,	ViT-B-32
187	rich_d_amaru_studyfinal (image)	image	fse_with_features	diversity	0.345703125	diversity/rich_d_amaru_studyfinal/ViT-B-32,	ViT-B-32
188	rich_d_amaru_studyfinal (image)	image	fse_with_generator_shift	quality	0.66650390625	quality/rich_d_amaru_studyfinal/ViT-B-32,	ViT-B-32
189	rich_d_amaru_studyfinal (image)	image	fse_with_generator_shift	diversity	0.3251953125	diversity/rich_d_amaru_studyfinal/ViT-B-32,	ViT-B-32
190	ricardo_viana_render2 (image)	image	orig	quality	0.73486328125	quality/ricardo_viana_render2/ViT-B-32,	ViT-B-32
191	ricardo_viana_render2 (image)	image	orig	diversity	0.2366943359375	diversity/ricardo_viana_render2/ViT-B-32,	ViT-B-32
192	ricardo_viana_render2 (image)	image	e4e	quality	0.7255859375	quality/ricardo_viana_render2/ViT-B-32,	ViT-B-32
193	ricardo_viana_render2 (image)	image	e4e	diversity	0.214111328125	diversity/ricardo_viana_render2/ViT-B-32,	ViT-B-32
194	ricardo_viana_render2 (image)	image	fse	quality	0.71728515625	quality/ricardo_viana_render2/ViT-B-32,	ViT-B-32
195	ricardo_viana_render2 (image)	image	fse	diversity	0.2252197265625	diversity/ricardo_viana_render2/ViT-B-32,	ViT-B-32
196	ricardo_viana_render2 (image)	image	fse_with_features	quality	0.64599609375	quality/ricardo_viana_render2/ViT-B-32,	ViT-B-32
197	ricardo_viana_render2 (image)	image	fse_with_features	diversity	0.3212890625	diversity/ricardo_viana_render2/ViT-B-32,	ViT-B-32
198	ricardo_viana_render2 (image)	image	fse_with_generator_shift	quality	0.67236328125	quality/ricardo_viana_render2/ViT-B-32,	ViT-B-32
199	ricardo_viana_render2 (image)	image	fse_with_generator_shift	diversity	0.298828125	diversity/ricardo_viana_render2/ViT-B-32,	ViT-B-32
200	wesley_gardner_portraitstudy (image)	image	orig	quality	0.69189453125	quality/wesley_gardner_portraitstudy/ViT-B-32,	ViT-B-32
201	wesley_gardner_portraitstudy (image)	image	orig	diversity	0.32177734375	diversity/wesley_gardner_portraitstudy/ViT-B-32,	ViT-B-32
202	wesley_gardner_portraitstudy (image)	image	e4e	quality	0.68505859375	quality/wesley_gardner_portraitstudy/ViT-B-32,	ViT-B-32
203	wesley_gardner_portraitstudy (image)	image	e4e	diversity	0.306884765625	diversity/wesley_gardner_portraitstudy/ViT-B-32,	ViT-B-32
204	wesley_gardner_portraitstudy (image)	image	fse	quality	0.6611328125	quality/wesley_gardner_portraitstudy/ViT-B-32,	ViT-B-32
205	wesley_gardner_portraitstudy (image)	image	fse	diversity	0.326171875	diversity/wesley_gardner_portraitstudy/ViT-B-32,	ViT-B-32
206	wesley_gardner_portraitstudy (image)	image	fse_with_features	quality	0.55126953125	quality/wesley_gardner_portraitstudy/ViT-B-32,	ViT-B-32
207	wesley_gardner_portraitstudy (image)	image	fse_with_features	diversity	0.39404296875	diversity/wesley_gardner_portraitstudy/ViT-B-32,	ViT-B-32
208	wesley_gardner_portraitstudy (image)	image	fse_with_generator_shift	quality	0.5869140625	quality/wesley_gardner_portraitstudy/ViT-B-32,	ViT-B-32
209	wesley_gardner_portraitstudy (image)	image	fse_with_generator_shift	diversity	0.37939453125	diversity/wesley_gardner_portraitstudy/ViT-B-32,	ViT-B-32
210	titan_erwin (image)	image	orig	quality	0.8193359375	quality/titan_erwin/ViT-B-32,	ViT-B-32
211	titan_erwin (image)	image	orig	diversity	0.208740234375	diversity/titan_erwin/ViT-B-32,	ViT-B-32
212	titan_erwin (image)	image	e4e	quality	0.83203125	quality/titan_erwin/ViT-B-32,	ViT-B-32
213	titan_erwin (image)	image	e4e	diversity	0.189208984375	diversity/titan_erwin/ViT-B-32,	ViT-B-32
214	titan_erwin (image)	image	fse	quality	0.81005859375	quality/titan_erwin/ViT-B-32,	ViT-B-32
215	titan_erwin (image)	image	fse	diversity	0.1968994140625	diversity/titan_erwin/ViT-B-32,	ViT-B-32
216	titan_erwin (image)	image	fse_with_features	quality	0.69580078125	quality/titan_erwin/ViT-B-32,	ViT-B-32
217	titan_erwin (image)	image	fse_with_features	diversity	0.294677734375	diversity/titan_erwin/ViT-B-32,	ViT-B-32
218	titan_erwin (image)	image	fse_with_generator_shift	quality	0.74609375	quality/titan_erwin/ViT-B-32,	ViT-B-32
219	titan_erwin (image)	image	fse_with_generator_shift	diversity	0.25732421875	diversity/titan_erwin/ViT-B-32,	ViT-B-32
220	edvard_munch_painting (text)	text	orig	quality	0.321533203125	quality/edvard_munch_painting/ViT-B-32,	ViT-B-32
221	edvard_munch_painting (text)	text	orig	diversity	0.12213134765625	diversity/edvard_munch_painting/ViT-B-32,	ViT-B-32
222	edvard_munch_painting (text)	text	e4e	quality	0.31884765625	quality/edvard_munch_painting/ViT-B-32,	ViT-B-32
223	edvard_munch_painting (text)	text	e4e	diversity	0.10748291015625	diversity/edvard_munch_painting/ViT-B-32,	ViT-B-32
224	edvard_munch_painting (text)	text	fse	quality	0.31982421875	quality/edvard_munch_painting/ViT-B-32,	ViT-B-32
225	edvard_munch_painting (text)	text	fse	diversity	0.09368896484375	diversity/edvard_munch_painting/ViT-B-32,	ViT-B-32
226	edvard_munch_painting (text)	text	fse_with_features	quality	0.2744140625	quality/edvard_munch_painting/ViT-B-32,	ViT-B-32
227	edvard_munch_painting (text)	text	fse_with_features	diversity	0.214599609375	diversity/edvard_munch_painting/ViT-B-32,	ViT-B-32
228	edvard_munch_painting (text)	text	fse_with_generator_shift	quality	0.30810546875	quality/edvard_munch_painting/ViT-B-32,	ViT-B-32
229	edvard_munch_painting (text)	text	fse_with_generator_shift	diversity	0.11517333984375	diversity/edvard_munch_painting/ViT-B-32,	ViT-B-32
230	the_thanos (text)	text	orig	quality	0.3330078125	quality/the_thanos/ViT-B-32,	ViT-B-32
231	the_thanos (text)	text	orig	diversity	0.1534423828125	diversity/the_thanos/ViT-B-32,	ViT-B-32
232	the_thanos (text)	text	e4e	quality	0.333740234375	quality/the_thanos/ViT-B-32,	ViT-B-32
233	the_thanos (text)	text	e4e	diversity	0.12261962890625	diversity/the_thanos/ViT-B-32,	ViT-B-32
234	the_thanos (text)	text	fse	quality	0.338623046875	quality/the_thanos/ViT-B-32,	ViT-B-32
235	the_thanos (text)	text	fse	diversity	0.1300048828125	diversity/the_thanos/ViT-B-32,	ViT-B-32
236	the_thanos (text)	text	fse_with_features	quality	0.29296875	quality/the_thanos/ViT-B-32,	ViT-B-32
237	the_thanos (text)	text	fse_with_features	diversity	0.269775390625	diversity/the_thanos/ViT-B-32,	ViT-B-32
238	the_thanos (text)	text	fse_with_generator_shift	quality	0.32373046875	quality/the_thanos/ViT-B-32,	ViT-B-32
239	the_thanos (text)	text	fse_with_generator_shift	diversity	0.1815185546875	diversity/the_thanos/ViT-B-32,	ViT-B-32
240	tolkien_elf_indomain (text)	text	orig	quality	0.3203125	quality/tolkien_elf/ViT-B-32,	ViT-B-32
241	tolkien_elf_indomain (text)	text	orig	diversity	0.272705078125	diversity/tolkien_elf/ViT-B-32,	ViT-B-32
242	tolkien_elf_indomain (text)	text	e4e	quality	0.315185546875	quality/tolkien_elf/ViT-B-32,	ViT-B-32
243	tolkien_elf_indomain (text)	text	e4e	diversity	0.271240234375	diversity/tolkien_elf/ViT-B-32,	ViT-B-32
244	tolkien_elf_indomain (text)	text	fse	quality	0.312255859375	quality/tolkien_elf/ViT-B-32,	ViT-B-32
245	tolkien_elf_indomain (text)	text	fse	diversity	0.26416015625	diversity/tolkien_elf/ViT-B-32,	ViT-B-32
246	tolkien_elf_indomain (text)	text	fse_with_features	quality	0.27099609375	quality/tolkien_elf/ViT-B-32,	ViT-B-32
247	tolkien_elf_indomain (text)	text	fse_with_features	diversity	0.335205078125	diversity/tolkien_elf/ViT-B-32,	ViT-B-32
248	tolkien_elf_indomain (text)	text	fse_with_generator_shift	quality	0.27099609375	quality/tolkien_elf/ViT-B-32,	ViT-B-32
249	tolkien_elf_indomain (text)	text	fse_with_generator_shift	diversity	0.335205078125	diversity/tolkien_elf/ViT-B-32,	ViT-B-32
250	neanderthal_indomain (text)	text	orig	quality	0.3291015625	quality/the_neanderthal/ViT-B-32,	ViT-B-32
251	neanderthal_indomain (text)	text	orig	diversity	0.24560546875	diversity/the_neanderthal/ViT-B-32,	ViT-B-32
252	neanderthal_indomain (text)	text	e4e	quality	0.324951171875	quality/the_neanderthal/ViT-B-32,	ViT-B-32
253	neanderthal_indomain (text)	text	e4e	diversity	0.242431640625	diversity/the_neanderthal/ViT-B-32,	ViT-B-32
254	neanderthal_indomain (text)	text	fse	quality	0.33056640625	quality/the_neanderthal/ViT-B-32,	ViT-B-32
255	neanderthal_indomain (text)	text	fse	diversity	0.2261962890625	diversity/the_neanderthal/ViT-B-32,	ViT-B-32
256	neanderthal_indomain (text)	text	fse_with_features	quality	0.294921875	quality/the_neanderthal/ViT-B-32,	ViT-B-32
257	neanderthal_indomain (text)	text	fse_with_features	diversity	0.316162109375	diversity/the_neanderthal/ViT-B-32,	ViT-B-32
258	neanderthal_indomain (text)	text	fse_with_generator_shift	quality	0.294921875	quality/the_neanderthal/ViT-B-32,	ViT-B-32
259	neanderthal_indomain (text)	text	fse_with_generator_shift	diversity	0.316162109375	diversity/the_neanderthal/ViT-B-32,	ViT-B-32
260	modigliani_painting (text)	text	orig	quality	0.3701171875	quality/modigliani_painting/ViT-B-32,	ViT-B-32
261	modigliani_painting (text)	text	orig	diversity	0.1309814453125	diversity/modigliani_painting/ViT-B-32,	ViT-B-32
262	modigliani_painting (text)	text	e4e	quality	0.369140625	quality/modigliani_painting/ViT-B-32,	ViT-B-32
263	modigliani_painting (text)	text	e4e	diversity	0.116455078125	diversity/modigliani_painting/ViT-B-32,	ViT-B-32
264	modigliani_painting (text)	text	fse	quality	0.369140625	quality/modigliani_painting/ViT-B-32,	ViT-B-32
265	modigliani_painting (text)	text	fse	diversity	0.11920166015625	diversity/modigliani_painting/ViT-B-32,	ViT-B-32
266	modigliani_painting (text)	text	fse_with_features	quality	0.302978515625	quality/modigliani_painting/ViT-B-32,	ViT-B-32
267	modigliani_painting (text)	text	fse_with_features	diversity	0.25341796875	diversity/modigliani_painting/ViT-B-32,	ViT-B-32
268	modigliani_painting (text)	text	fse_with_generator_shift	quality	0.343505859375	quality/modigliani_painting/ViT-B-32,	ViT-B-32
269	modigliani_painting (text)	text	fse_with_generator_shift	diversity	0.1697998046875	diversity/modigliani_painting/ViT-B-32,	ViT-B-32
270	sketch (text)	text	orig	quality	0.27392578125	quality/sketch/ViT-B-32,	ViT-B-32
271	sketch (text)	text	orig	diversity	0.156005859375	diversity/sketch/ViT-B-32,	ViT-B-32
272	sketch (text)	text	e4e	quality	0.262939453125	quality/sketch/ViT-B-32,	ViT-B-32
273	sketch (text)	text	e4e	diversity	0.1729736328125	diversity/sketch/ViT-B-32,	ViT-B-32
274	sketch (text)	text	fse	quality	0.261962890625	quality/sketch/ViT-B-32,	ViT-B-32
275	sketch (text)	text	fse	diversity	0.1636962890625	diversity/sketch/ViT-B-32,	ViT-B-32
276	sketch (text)	text	fse_with_features	quality	0.252685546875	quality/sketch/ViT-B-32,	ViT-B-32
277	sketch (text)	text	fse_with_features	diversity	0.299072265625	diversity/sketch/ViT-B-32,	ViT-B-32
278	sketch (text)	text	fse_with_generator_shift	quality	0.258056640625	quality/sketch/ViT-B-32,	ViT-B-32
279	sketch (text)	text	fse_with_generator_shift	diversity	0.2568359375	diversity/sketch/ViT-B-32,	ViT-B-32
280	hulk (text)	text	orig	quality	0.30517578125	quality/hulk/ViT-B-32,	ViT-B-32
281	hulk (text)	text	orig	diversity	0.1895751953125	diversity/hulk/ViT-B-32,	ViT-B-32
282	hulk (text)	text	e4e	quality	0.304931640625	quality/hulk/ViT-B-32,	ViT-B-32
283	hulk (text)	text	e4e	diversity	0.212646484375	diversity/hulk/ViT-B-32,	ViT-B-32
284	hulk (text)	text	fse	quality	0.30859375	quality/hulk/ViT-B-32,	ViT-B-32
285	hulk (text)	text	fse	diversity	0.188720703125	diversity/hulk/ViT-B-32,	ViT-B-32
286	hulk (text)	text	fse_with_features	quality	0.289306640625	quality/hulk/ViT-B-32,	ViT-B-32
287	hulk (text)	text	fse_with_features	diversity	0.2724609375	diversity/hulk/ViT-B-32,	ViT-B-32
288	hulk (text)	text	fse_with_generator_shift	quality	0.289306640625	quality/hulk/ViT-B-32,	ViT-B-32
289	hulk (text)	text	fse_with_generator_shift	diversity	0.2724609375	diversity/hulk/ViT-B-32,	ViT-B-32
290	minimalist_drawing (text)	text	orig	quality	0.2454833984375	quality/minimalist_drawing/ViT-B-32,	ViT-B-32
291	minimalist_drawing (text)	text	orig	diversity	0.2509765625	diversity/minimalist_drawing/ViT-B-32,	ViT-B-32
292	minimalist_drawing (text)	text	e4e	quality	0.244384765625	quality/minimalist_drawing/ViT-B-32,	ViT-B-32
293	minimalist_drawing (text)	text	e4e	diversity	0.257080078125	diversity/minimalist_drawing/ViT-B-32,	ViT-B-32
294	minimalist_drawing (text)	text	fse	quality	0.2435302734375	quality/minimalist_drawing/ViT-B-32,	ViT-B-32
295	minimalist_drawing (text)	text	fse	diversity	0.255859375	diversity/minimalist_drawing/ViT-B-32,	ViT-B-32
296	minimalist_drawing (text)	text	fse_with_features	quality	0.232177734375	quality/minimalist_drawing/ViT-B-32,	ViT-B-32
297	minimalist_drawing (text)	text	fse_with_features	diversity	0.296875	diversity/minimalist_drawing/ViT-B-32,	ViT-B-32
298	minimalist_drawing (text)	text	fse_with_generator_shift	quality	0.232177734375	quality/minimalist_drawing/ViT-B-32,	ViT-B-32
299	minimalist_drawing (text)	text	fse_with_generator_shift	diversity	0.296875	diversity/minimalist_drawing/ViT-B-32,	ViT-B-32
300	zombie_indomain (text)	text	orig	quality	0.30322265625	quality/the_zombie/ViT-B-32,	ViT-B-32
301	zombie_indomain (text)	text	orig	diversity	0.1910400390625	diversity/the_zombie/ViT-B-32,	ViT-B-32
302	zombie_indomain (text)	text	e4e	quality	0.291015625	quality/the_zombie/ViT-B-32,	ViT-B-32
303	zombie_indomain (text)	text	e4e	diversity	0.2161865234375	diversity/the_zombie/ViT-B-32,	ViT-B-32
304	zombie_indomain (text)	text	fse	quality	0.29541015625	quality/the_zombie/ViT-B-32,	ViT-B-32
305	zombie_indomain (text)	text	fse	diversity	0.197509765625	diversity/the_zombie/ViT-B-32,	ViT-B-32
306	zombie_indomain (text)	text	fse_with_features	quality	0.28662109375	quality/the_zombie/ViT-B-32,	ViT-B-32
307	zombie_indomain (text)	text	fse_with_features	diversity	0.265869140625	diversity/the_zombie/ViT-B-32,	ViT-B-32
308	zombie_indomain (text)	text	fse_with_generator_shift	quality	0.28662109375	quality/the_zombie/ViT-B-32,	ViT-B-32
309	zombie_indomain (text)	text	fse_with_generator_shift	diversity	0.265869140625	diversity/the_zombie/ViT-B-32,	ViT-B-32
310	pop_art_indomain (text)	text	orig	quality	0.296875	quality/pop_art/ViT-B-32,	ViT-B-32
311	pop_art_indomain (text)	text	orig	diversity	0.264892578125	diversity/pop_art/ViT-B-32,	ViT-B-32
312	pop_art_indomain (text)	text	e4e	quality	0.29541015625	quality/pop_art/ViT-B-32,	ViT-B-32
313	pop_art_indomain (text)	text	e4e	diversity	0.2568359375	diversity/pop_art/ViT-B-32,	ViT-B-32
314	pop_art_indomain (text)	text	fse	quality	0.293701171875	quality/pop_art/ViT-B-32,	ViT-B-32
315	pop_art_indomain (text)	text	fse	diversity	0.266845703125	diversity/pop_art/ViT-B-32,	ViT-B-32
316	pop_art_indomain (text)	text	fse_with_features	quality	0.28271484375	quality/pop_art/ViT-B-32,	ViT-B-32
317	pop_art_indomain (text)	text	fse_with_features	diversity	0.325927734375	diversity/pop_art/ViT-B-32,	ViT-B-32
318	pop_art_indomain (text)	text	fse_with_generator_shift	quality	0.28271484375	quality/pop_art/ViT-B-32,	ViT-B-32
319	pop_art_indomain (text)	text	fse_with_generator_shift	diversity	0.325927734375	diversity/pop_art/ViT-B-32,	ViT-B-32
320	pixar (text)	text	orig	quality	0.34228515625	quality/3d_render_in_the_style_of_pixar/ViT-B-32,	ViT-B-32
321	pixar (text)	text	orig	diversity	0.1588134765625	diversity/3d_render_in_the_style_of_pixar/ViT-B-32,	ViT-B-32
322	pixar (text)	text	e4e	quality	0.34130859375	quality/3d_render_in_the_style_of_pixar/ViT-B-32,	ViT-B-32
323	pixar (text)	text	e4e	diversity	0.138916015625	diversity/3d_render_in_the_style_of_pixar/ViT-B-32,	ViT-B-32
324	pixar (text)	text	fse	quality	0.3427734375	quality/3d_render_in_the_style_of_pixar/ViT-B-32,	ViT-B-32
325	pixar (text)	text	fse	diversity	0.133056640625	diversity/3d_render_in_the_style_of_pixar/ViT-B-32,	ViT-B-32
326	pixar (text)	text	fse_with_features	quality	0.3056640625	quality/3d_render_in_the_style_of_pixar/ViT-B-32,	ViT-B-32
327	pixar (text)	text	fse_with_features	diversity	0.2568359375	diversity/3d_render_in_the_style_of_pixar/ViT-B-32,	ViT-B-32
328	pixar (text)	text	fse_with_generator_shift	quality	0.33251953125	quality/3d_render_in_the_style_of_pixar/ViT-B-32,	ViT-B-32
329	pixar (text)	text	fse_with_generator_shift	diversity	0.184326171875	diversity/3d_render_in_the_style_of_pixar/ViT-B-32,	ViT-B-32
330	hulk_indomain (text)	text	orig	quality	0.301025390625	quality/hulk/ViT-B-32,	ViT-B-32
331	hulk_indomain (text)	text	orig	diversity	0.251220703125	diversity/hulk/ViT-B-32,	ViT-B-32
332	hulk_indomain (text)	text	e4e	quality	0.2919921875	quality/hulk/ViT-B-32,	ViT-B-32
333	hulk_indomain (text)	text	e4e	diversity	0.302001953125	diversity/hulk/ViT-B-32,	ViT-B-32
334	hulk_indomain (text)	text	fse	quality	0.29443359375	quality/hulk/ViT-B-32,	ViT-B-32
335	hulk_indomain (text)	text	fse	diversity	0.28369140625	diversity/hulk/ViT-B-32,	ViT-B-32
336	hulk_indomain (text)	text	fse_with_features	quality	0.26904296875	quality/hulk/ViT-B-32,	ViT-B-32
337	hulk_indomain (text)	text	fse_with_features	diversity	0.345458984375	diversity/hulk/ViT-B-32,	ViT-B-32
338	hulk_indomain (text)	text	fse_with_generator_shift	quality	0.26904296875	quality/hulk/ViT-B-32,	ViT-B-32
339	hulk_indomain (text)	text	fse_with_generator_shift	diversity	0.345458984375	diversity/hulk/ViT-B-32,	ViT-B-32
340	edvard_munch_painting_indomain (text)	text	orig	quality	0.281494140625	quality/edvard_munch_painting/ViT-B-32,	ViT-B-32
341	edvard_munch_painting_indomain (text)	text	orig	diversity	0.2392578125	diversity/edvard_munch_painting/ViT-B-32,	ViT-B-32
342	edvard_munch_painting_indomain (text)	text	e4e	quality	0.2744140625	quality/edvard_munch_painting/ViT-B-32,	ViT-B-32
343	edvard_munch_painting_indomain (text)	text	e4e	diversity	0.2230224609375	diversity/edvard_munch_painting/ViT-B-32,	ViT-B-32
344	edvard_munch_painting_indomain (text)	text	fse	quality	0.27978515625	quality/edvard_munch_painting/ViT-B-32,	ViT-B-32
345	edvard_munch_painting_indomain (text)	text	fse	diversity	0.2069091796875	diversity/edvard_munch_painting/ViT-B-32,	ViT-B-32
346	edvard_munch_painting_indomain (text)	text	fse_with_features	quality	0.247802734375	quality/edvard_munch_painting/ViT-B-32,	ViT-B-32
347	edvard_munch_painting_indomain (text)	text	fse_with_features	diversity	0.294189453125	diversity/edvard_munch_painting/ViT-B-32,	ViT-B-32
348	edvard_munch_painting_indomain (text)	text	fse_with_generator_shift	quality	0.247802734375	quality/edvard_munch_painting/ViT-B-32,	ViT-B-32
349	edvard_munch_painting_indomain (text)	text	fse_with_generator_shift	diversity	0.294189453125	diversity/edvard_munch_painting/ViT-B-32,	ViT-B-32
350	frida_kahlo_painting (text)	text	orig	quality	0.332763671875	quality/frida_kahlo_painting/ViT-B-32,	ViT-B-32
351	frida_kahlo_painting (text)	text	orig	diversity	0.1966552734375	diversity/frida_kahlo_painting/ViT-B-32,	ViT-B-32
352	frida_kahlo_painting (text)	text	e4e	quality	0.329345703125	quality/frida_kahlo_painting/ViT-B-32,	ViT-B-32
353	frida_kahlo_painting (text)	text	e4e	diversity	0.19384765625	diversity/frida_kahlo_painting/ViT-B-32,	ViT-B-32
354	frida_kahlo_painting (text)	text	fse	quality	0.3271484375	quality/frida_kahlo_painting/ViT-B-32,	ViT-B-32
355	frida_kahlo_painting (text)	text	fse	diversity	0.2060546875	diversity/frida_kahlo_painting/ViT-B-32,	ViT-B-32
356	frida_kahlo_painting (text)	text	fse_with_features	quality	0.287353515625	quality/frida_kahlo_painting/ViT-B-32,	ViT-B-32
357	frida_kahlo_painting (text)	text	fse_with_features	diversity	0.287353515625	diversity/frida_kahlo_painting/ViT-B-32,	ViT-B-32
358	frida_kahlo_painting (text)	text	fse_with_generator_shift	quality	0.287353515625	quality/frida_kahlo_painting/ViT-B-32,	ViT-B-32
359	frida_kahlo_painting (text)	text	fse_with_generator_shift	diversity	0.287353515625	diversity/frida_kahlo_painting/ViT-B-32,	ViT-B-32
360	hermione_granger (text)	text	orig	quality	0.339111328125	quality/hermione_granger_(harry_potter)/ViT-B-32,	ViT-B-32
361	hermione_granger (text)	text	orig	diversity	0.2052001953125	diversity/hermione_granger_(harry_potter)/ViT-B-32,	ViT-B-32
362	hermione_granger (text)	text	e4e	quality	0.3251953125	quality/hermione_granger_(harry_potter)/ViT-B-32,	ViT-B-32
363	hermione_granger (text)	text	e4e	diversity	0.201904296875	diversity/hermione_granger_(harry_potter)/ViT-B-32,	ViT-B-32
364	hermione_granger (text)	text	fse	quality	0.32421875	quality/hermione_granger_(harry_potter)/ViT-B-32,	ViT-B-32
365	hermione_granger (text)	text	fse	diversity	0.2137451171875	diversity/hermione_granger_(harry_potter)/ViT-B-32,	ViT-B-32
366	hermione_granger (text)	text	fse_with_features	quality	0.26708984375	quality/hermione_granger_(harry_potter)/ViT-B-32,	ViT-B-32
367	hermione_granger (text)	text	fse_with_features	diversity	0.318603515625	diversity/hermione_granger_(harry_potter)/ViT-B-32,	ViT-B-32
368	hermione_granger (text)	text	fse_with_generator_shift	quality	0.26708984375	quality/hermione_granger_(harry_potter)/ViT-B-32,	ViT-B-32
369	hermione_granger (text)	text	fse_with_generator_shift	diversity	0.318603515625	diversity/hermione_granger_(harry_potter)/ViT-B-32,	ViT-B-32
370	claude_monet_painting (text)	text	orig	quality	0.317626953125	quality/claude_monet_painting/ViT-B-32,	ViT-B-32
371	claude_monet_painting (text)	text	orig	diversity	0.222900390625	diversity/claude_monet_painting/ViT-B-32,	ViT-B-32
372	claude_monet_painting (text)	text	e4e	quality	0.31298828125	quality/claude_monet_painting/ViT-B-32,	ViT-B-32
373	claude_monet_painting (text)	text	e4e	diversity	0.225830078125	diversity/claude_monet_painting/ViT-B-32,	ViT-B-32
374	claude_monet_painting (text)	text	fse	quality	0.311279296875	quality/claude_monet_painting/ViT-B-32,	ViT-B-32
375	claude_monet_painting (text)	text	fse	diversity	0.2158203125	diversity/claude_monet_painting/ViT-B-32,	ViT-B-32
376	claude_monet_painting (text)	text	fse_with_features	quality	0.27392578125	quality/claude_monet_painting/ViT-B-32,	ViT-B-32
377	claude_monet_painting (text)	text	fse_with_features	diversity	0.306884765625	diversity/claude_monet_painting/ViT-B-32,	ViT-B-32
378	claude_monet_painting (text)	text	fse_with_generator_shift	quality	0.294677734375	quality/claude_monet_painting/ViT-B-32,	ViT-B-32
379	claude_monet_painting (text)	text	fse_with_generator_shift	diversity	0.255859375	diversity/claude_monet_painting/ViT-B-32,	ViT-B-32
380	dali_painting (text)	text	orig	quality	0.355224609375	quality/dali_painting/ViT-B-32,	ViT-B-32
381	dali_painting (text)	text	orig	diversity	0.1566162109375	diversity/dali_painting/ViT-B-32,	ViT-B-32
382	dali_painting (text)	text	e4e	quality	0.353515625	quality/dali_painting/ViT-B-32,	ViT-B-32
383	dali_painting (text)	text	e4e	diversity	0.12451171875	diversity/dali_painting/ViT-B-32,	ViT-B-32
384	dali_painting (text)	text	fse	quality	0.3564453125	quality/dali_painting/ViT-B-32,	ViT-B-32
385	dali_painting (text)	text	fse	diversity	0.12371826171875	diversity/dali_painting/ViT-B-32,	ViT-B-32
386	dali_painting (text)	text	fse_with_features	quality	0.298583984375	quality/dali_painting/ViT-B-32,	ViT-B-32
387	dali_painting (text)	text	fse_with_features	diversity	0.254150390625	diversity/dali_painting/ViT-B-32,	ViT-B-32
388	dali_painting (text)	text	fse_with_generator_shift	quality	0.335693359375	quality/dali_painting/ViT-B-32,	ViT-B-32
389	dali_painting (text)	text	fse_with_generator_shift	diversity	0.1689453125	diversity/dali_painting/ViT-B-32,	ViT-B-32
390	neanderthal (text)	text	orig	quality	0.370849609375	quality/neanderthal/ViT-B-32,	ViT-B-32
391	neanderthal (text)	text	orig	diversity	0.1414794921875	diversity/neanderthal/ViT-B-32,	ViT-B-32
392	neanderthal (text)	text	e4e	quality	0.368896484375	quality/neanderthal/ViT-B-32,	ViT-B-32
393	neanderthal (text)	text	e4e	diversity	0.130615234375	diversity/neanderthal/ViT-B-32,	ViT-B-32
394	neanderthal (text)	text	fse	quality	0.37060546875	quality/neanderthal/ViT-B-32,	ViT-B-32
395	neanderthal (text)	text	fse	diversity	0.11236572265625	diversity/neanderthal/ViT-B-32,	ViT-B-32
396	neanderthal (text)	text	fse_with_features	quality	0.314453125	quality/neanderthal/ViT-B-32,	ViT-B-32
397	neanderthal (text)	text	fse_with_features	diversity	0.268310546875	diversity/neanderthal/ViT-B-32,	ViT-B-32
398	neanderthal (text)	text	fse_with_generator_shift	quality	0.36328125	quality/neanderthal/ViT-B-32,	ViT-B-32
399	neanderthal (text)	text	fse_with_generator_shift	diversity	0.14306640625	diversity/neanderthal/ViT-B-32,	ViT-B-32
400	ukiyo-e (text)	text	orig	quality	0.340087890625	quality/a_painting_in_ukiyo-e_style/ViT-B-32,	ViT-B-32
401	ukiyo-e (text)	text	orig	diversity	0.1453857421875	diversity/a_painting_in_ukiyo-e_style/ViT-B-32,	ViT-B-32
402	ukiyo-e (text)	text	e4e	quality	0.340087890625	quality/a_painting_in_ukiyo-e_style/ViT-B-32,	ViT-B-32
403	ukiyo-e (text)	text	e4e	diversity	0.1201171875	diversity/a_painting_in_ukiyo-e_style/ViT-B-32,	ViT-B-32
404	ukiyo-e (text)	text	fse	quality	0.336669921875	quality/a_painting_in_ukiyo-e_style/ViT-B-32,	ViT-B-32
405	ukiyo-e (text)	text	fse	diversity	0.118408203125	diversity/a_painting_in_ukiyo-e_style/ViT-B-32,	ViT-B-32
406	ukiyo-e (text)	text	fse_with_features	quality	0.2939453125	quality/a_painting_in_ukiyo-e_style/ViT-B-32,	ViT-B-32
407	ukiyo-e (text)	text	fse_with_features	diversity	0.27294921875	diversity/a_painting_in_ukiyo-e_style/ViT-B-32,	ViT-B-32
408	ukiyo-e (text)	text	fse_with_generator_shift	quality	0.3193359375	quality/a_painting_in_ukiyo-e_style/ViT-B-32,	ViT-B-32
409	ukiyo-e (text)	text	fse_with_generator_shift	diversity	0.189208984375	diversity/a_painting_in_ukiyo-e_style/ViT-B-32,	ViT-B-32
410	botero_indomain (text)	text	orig	quality	0.35302734375	quality/fernando_botero_painting/ViT-B-32,	ViT-B-32
411	botero_indomain (text)	text	orig	diversity	0.254150390625	diversity/fernando_botero_painting/ViT-B-32,	ViT-B-32
412	botero_indomain (text)	text	e4e	quality	0.34130859375	quality/fernando_botero_painting/ViT-B-32,	ViT-B-32
413	botero_indomain (text)	text	e4e	diversity	0.242919921875	diversity/fernando_botero_painting/ViT-B-32,	ViT-B-32
414	botero_indomain (text)	text	fse	quality	0.3427734375	quality/fernando_botero_painting/ViT-B-32,	ViT-B-32
415	botero_indomain (text)	text	fse	diversity	0.2432861328125	diversity/fernando_botero_painting/ViT-B-32,	ViT-B-32
416	botero_indomain (text)	text	fse_with_features	quality	0.3076171875	quality/fernando_botero_painting/ViT-B-32,	ViT-B-32
417	botero_indomain (text)	text	fse_with_features	diversity	0.297607421875	diversity/fernando_botero_painting/ViT-B-32,	ViT-B-32
418	botero_indomain (text)	text	fse_with_generator_shift	quality	0.3076171875	quality/fernando_botero_painting/ViT-B-32,	ViT-B-32
419	botero_indomain (text)	text	fse_with_generator_shift	diversity	0.297607421875	diversity/fernando_botero_painting/ViT-B-32,	ViT-B-32
420	frida_kahlo_painting_indomain (text)	text	orig	quality	0.31298828125	quality/frida_kahlo_painting/ViT-B-32,	ViT-B-32
421	frida_kahlo_painting_indomain (text)	text	orig	diversity	0.260009765625	diversity/frida_kahlo_painting/ViT-B-32,	ViT-B-32
422	frida_kahlo_painting_indomain (text)	text	e4e	quality	0.301513671875	quality/frida_kahlo_painting/ViT-B-32,	ViT-B-32
423	frida_kahlo_painting_indomain (text)	text	e4e	diversity	0.26025390625	diversity/frida_kahlo_painting/ViT-B-32,	ViT-B-32
424	frida_kahlo_painting_indomain (text)	text	fse	quality	0.29638671875	quality/frida_kahlo_painting/ViT-B-32,	ViT-B-32
425	frida_kahlo_painting_indomain (text)	text	fse	diversity	0.273681640625	diversity/frida_kahlo_painting/ViT-B-32,	ViT-B-32
426	frida_kahlo_painting_indomain (text)	text	fse_with_features	quality	0.26708984375	quality/frida_kahlo_painting/ViT-B-32,	ViT-B-32
427	frida_kahlo_painting_indomain (text)	text	fse_with_features	diversity	0.3388671875	diversity/frida_kahlo_painting/ViT-B-32,	ViT-B-32
428	frida_kahlo_painting_indomain (text)	text	fse_with_generator_shift	quality	0.26708984375	quality/frida_kahlo_painting/ViT-B-32,	ViT-B-32
429	frida_kahlo_painting_indomain (text)	text	fse_with_generator_shift	diversity	0.3388671875	diversity/frida_kahlo_painting/ViT-B-32,	ViT-B-32
430	impressionist_drawing_indomain (text)	text	orig	quality	0.30908203125	quality/impressionist_drawing/ViT-B-32,	ViT-B-32
431	impressionist_drawing_indomain (text)	text	orig	diversity	0.23095703125	diversity/impressionist_drawing/ViT-B-32,	ViT-B-32
432	impressionist_drawing_indomain (text)	text	e4e	quality	0.29736328125	quality/impressionist_drawing/ViT-B-32,	ViT-B-32
433	impressionist_drawing_indomain (text)	text	e4e	diversity	0.236572265625	diversity/impressionist_drawing/ViT-B-32,	ViT-B-32
434	impressionist_drawing_indomain (text)	text	fse	quality	0.301513671875	quality/impressionist_drawing/ViT-B-32,	ViT-B-32
435	impressionist_drawing_indomain (text)	text	fse	diversity	0.2447509765625	diversity/impressionist_drawing/ViT-B-32,	ViT-B-32
436	impressionist_drawing_indomain (text)	text	fse_with_features	quality	0.289794921875	quality/impressionist_drawing/ViT-B-32,	ViT-B-32
437	impressionist_drawing_indomain (text)	text	fse_with_features	diversity	0.3037109375	diversity/impressionist_drawing/ViT-B-32,	ViT-B-32
438	impressionist_drawing_indomain (text)	text	fse_with_generator_shift	quality	0.289794921875	quality/impressionist_drawing/ViT-B-32,	ViT-B-32
439	impressionist_drawing_indomain (text)	text	fse_with_generator_shift	diversity	0.3037109375	diversity/impressionist_drawing/ViT-B-32,	ViT-B-32
440	werewolf_indomain (text)	text	orig	quality	0.289794921875	quality/werewolf/ViT-B-32,	ViT-B-32
441	werewolf_indomain (text)	text	orig	diversity	0.1883544921875	diversity/werewolf/ViT-B-32,	ViT-B-32
442	werewolf_indomain (text)	text	e4e	quality	0.288818359375	quality/werewolf/ViT-B-32,	ViT-B-32
443	werewolf_indomain (text)	text	e4e	diversity	0.18701171875	diversity/werewolf/ViT-B-32,	ViT-B-32
444	werewolf_indomain (text)	text	fse	quality	0.2919921875	quality/werewolf/ViT-B-32,	ViT-B-32
445	werewolf_indomain (text)	text	fse	diversity	0.17138671875	diversity/werewolf/ViT-B-32,	ViT-B-32
446	werewolf_indomain (text)	text	fse_with_features	quality	0.263916015625	quality/werewolf/ViT-B-32,	ViT-B-32
447	werewolf_indomain (text)	text	fse_with_features	diversity	0.23388671875	diversity/werewolf/ViT-B-32,	ViT-B-32
448	werewolf_indomain (text)	text	fse_with_generator_shift	quality	0.263916015625	quality/werewolf/ViT-B-32,	ViT-B-32
449	werewolf_indomain (text)	text	fse_with_generator_shift	diversity	0.23388671875	diversity/werewolf/ViT-B-32,	ViT-B-32
450	impressionism_painting_indomain (text)	text	orig	quality	0.292236328125	quality/impressionism_painting/ViT-B-32,	ViT-B-32
451	impressionism_painting_indomain (text)	text	orig	diversity	0.273681640625	diversity/impressionism_painting/ViT-B-32,	ViT-B-32
452	impressionism_painting_indomain (text)	text	e4e	quality	0.27880859375	quality/impressionism_painting/ViT-B-32,	ViT-B-32
453	impressionism_painting_indomain (text)	text	e4e	diversity	0.296630859375	diversity/impressionism_painting/ViT-B-32,	ViT-B-32
454	impressionism_painting_indomain (text)	text	fse	quality	0.2763671875	quality/impressionism_painting/ViT-B-32,	ViT-B-32
455	impressionism_painting_indomain (text)	text	fse	diversity	0.306640625	diversity/impressionism_painting/ViT-B-32,	ViT-B-32
456	impressionism_painting_indomain (text)	text	fse_with_features	quality	0.262939453125	quality/impressionism_painting/ViT-B-32,	ViT-B-32
457	impressionism_painting_indomain (text)	text	fse_with_features	diversity	0.342041015625	diversity/impressionism_painting/ViT-B-32,	ViT-B-32
458	impressionism_painting_indomain (text)	text	fse_with_generator_shift	quality	0.262939453125	quality/impressionism_painting/ViT-B-32,	ViT-B-32
459	impressionism_painting_indomain (text)	text	fse_with_generator_shift	diversity	0.342041015625	diversity/impressionism_painting/ViT-B-32,	ViT-B-32
460	dali_painting_indomain (text)	text	orig	quality	0.33154296875	quality/dali_painting/ViT-B-32,	ViT-B-32
461	dali_painting_indomain (text)	text	orig	diversity	0.234375	diversity/dali_painting/ViT-B-32,	ViT-B-32
462	dali_painting_indomain (text)	text	e4e	quality	0.323486328125	quality/dali_painting/ViT-B-32,	ViT-B-32
463	dali_painting_indomain (text)	text	e4e	diversity	0.2220458984375	diversity/dali_painting/ViT-B-32,	ViT-B-32
464	dali_painting_indomain (text)	text	fse	quality	0.324462890625	quality/dali_painting/ViT-B-32,	ViT-B-32
465	dali_painting_indomain (text)	text	fse	diversity	0.2178955078125	diversity/dali_painting/ViT-B-32,	ViT-B-32
466	dali_painting_indomain (text)	text	fse_with_features	quality	0.29443359375	quality/dali_painting/ViT-B-32,	ViT-B-32
467	dali_painting_indomain (text)	text	fse_with_features	diversity	0.2900390625	diversity/dali_painting/ViT-B-32,	ViT-B-32
468	dali_painting_indomain (text)	text	fse_with_generator_shift	quality	0.29443359375	quality/dali_painting/ViT-B-32,	ViT-B-32
469	dali_painting_indomain (text)	text	fse_with_generator_shift	diversity	0.2900390625	diversity/dali_painting/ViT-B-32,	ViT-B-32
470	botero (text)	text	orig	quality	0.40478515625	quality/fernando_botero_painting/ViT-B-32,	ViT-B-32
471	botero (text)	text	orig	diversity	0.1348876953125	diversity/fernando_botero_painting/ViT-B-32,	ViT-B-32
472	botero (text)	text	e4e	quality	0.40185546875	quality/fernando_botero_painting/ViT-B-32,	ViT-B-32
473	botero (text)	text	e4e	diversity	0.119140625	diversity/fernando_botero_painting/ViT-B-32,	ViT-B-32
474	botero (text)	text	fse	quality	0.3955078125	quality/fernando_botero_painting/ViT-B-32,	ViT-B-32
475	botero (text)	text	fse	diversity	0.122314453125	diversity/fernando_botero_painting/ViT-B-32,	ViT-B-32
476	botero (text)	text	fse_with_features	quality	0.31982421875	quality/fernando_botero_painting/ViT-B-32,	ViT-B-32
477	botero (text)	text	fse_with_features	diversity	0.261962890625	diversity/fernando_botero_painting/ViT-B-32,	ViT-B-32
478	botero (text)	text	fse_with_generator_shift	quality	0.37890625	quality/fernando_botero_painting/ViT-B-32,	ViT-B-32
479	botero (text)	text	fse_with_generator_shift	diversity	0.1568603515625	diversity/fernando_botero_painting/ViT-B-32,	ViT-B-32
480	modigliani_painting_indomain (text)	text	orig	quality	0.342529296875	quality/modigliani_painting/ViT-B-32,	ViT-B-32
481	modigliani_painting_indomain (text)	text	orig	diversity	0.2396240234375	diversity/modigliani_painting/ViT-B-32,	ViT-B-32
482	modigliani_painting_indomain (text)	text	e4e	quality	0.3330078125	quality/modigliani_painting/ViT-B-32,	ViT-B-32
483	modigliani_painting_indomain (text)	text	e4e	diversity	0.2283935546875	diversity/modigliani_painting/ViT-B-32,	ViT-B-32
484	modigliani_painting_indomain (text)	text	fse	quality	0.331298828125	quality/modigliani_painting/ViT-B-32,	ViT-B-32
485	modigliani_painting_indomain (text)	text	fse	diversity	0.22998046875	diversity/modigliani_painting/ViT-B-32,	ViT-B-32
486	modigliani_painting_indomain (text)	text	fse_with_features	quality	0.283935546875	quality/modigliani_painting/ViT-B-32,	ViT-B-32
487	modigliani_painting_indomain (text)	text	fse_with_features	diversity	0.302978515625	diversity/modigliani_painting/ViT-B-32,	ViT-B-32
488	modigliani_painting_indomain (text)	text	fse_with_generator_shift	quality	0.283935546875	quality/modigliani_painting/ViT-B-32,	ViT-B-32
489	modigliani_painting_indomain (text)	text	fse_with_generator_shift	diversity	0.302978515625	diversity/modigliani_painting/ViT-B-32,	ViT-B-32
490	constructivism_indomain (text)	text	orig	quality	0.2890625	quality/constructivism_painting/ViT-B-32,	ViT-B-32
491	constructivism_indomain (text)	text	orig	diversity	0.26416015625	diversity/constructivism_painting/ViT-B-32,	ViT-B-32
492	constructivism_indomain (text)	text	e4e	quality	0.28125	quality/constructivism_painting/ViT-B-32,	ViT-B-32
493	constructivism_indomain (text)	text	e4e	diversity	0.238525390625	diversity/constructivism_painting/ViT-B-32,	ViT-B-32
494	constructivism_indomain (text)	text	fse	quality	0.281982421875	quality/constructivism_painting/ViT-B-32,	ViT-B-32
495	constructivism_indomain (text)	text	fse	diversity	0.254150390625	diversity/constructivism_painting/ViT-B-32,	ViT-B-32
496	constructivism_indomain (text)	text	fse_with_features	quality	0.25830078125	quality/constructivism_painting/ViT-B-32,	ViT-B-32
497	constructivism_indomain (text)	text	fse_with_features	diversity	0.326171875	diversity/constructivism_painting/ViT-B-32,	ViT-B-32
498	constructivism_indomain (text)	text	fse_with_generator_shift	quality	0.25830078125	quality/constructivism_painting/ViT-B-32,	ViT-B-32
499	constructivism_indomain (text)	text	fse_with_generator_shift	diversity	0.326171875	diversity/constructivism_painting/ViT-B-32,	ViT-B-32
500	impressionist_drawing (text)	text	orig	quality	0.318359375	quality/impressionist_drawing/ViT-B-32,	ViT-B-32
501	impressionist_drawing (text)	text	orig	diversity	0.1617431640625	diversity/impressionist_drawing/ViT-B-32,	ViT-B-32
502	impressionist_drawing (text)	text	e4e	quality	0.309326171875	quality/impressionist_drawing/ViT-B-32,	ViT-B-32
503	impressionist_drawing (text)	text	e4e	diversity	0.1644287109375	diversity/impressionist_drawing/ViT-B-32,	ViT-B-32
504	impressionist_drawing (text)	text	fse	quality	0.314208984375	quality/impressionist_drawing/ViT-B-32,	ViT-B-32
505	impressionist_drawing (text)	text	fse	diversity	0.1702880859375	diversity/impressionist_drawing/ViT-B-32,	ViT-B-32
506	impressionist_drawing (text)	text	fse_with_features	quality	0.303466796875	quality/impressionist_drawing/ViT-B-32,	ViT-B-32
507	impressionist_drawing (text)	text	fse_with_features	diversity	0.2459716796875	diversity/impressionist_drawing/ViT-B-32,	ViT-B-32
508	impressionist_drawing (text)	text	fse_with_generator_shift	quality	0.303466796875	quality/impressionist_drawing/ViT-B-32,	ViT-B-32
509	impressionist_drawing (text)	text	fse_with_generator_shift	diversity	0.2459716796875	diversity/impressionist_drawing/ViT-B-32,	ViT-B-32
510	constructivism (text)	text	orig	quality	0.302001953125	quality/constructivism_painting/ViT-B-32,	ViT-B-32
511	constructivism (text)	text	orig	diversity	0.1890869140625	diversity/constructivism_painting/ViT-B-32,	ViT-B-32
512	constructivism (text)	text	e4e	quality	0.29345703125	quality/constructivism_painting/ViT-B-32,	ViT-B-32
513	constructivism (text)	text	e4e	diversity	0.1705322265625	diversity/constructivism_painting/ViT-B-32,	ViT-B-32
514	constructivism (text)	text	fse	quality	0.294189453125	quality/constructivism_painting/ViT-B-32,	ViT-B-32
515	constructivism (text)	text	fse	diversity	0.180419921875	diversity/constructivism_painting/ViT-B-32,	ViT-B-32
516	constructivism (text)	text	fse_with_features	quality	0.27587890625	quality/constructivism_painting/ViT-B-32,	ViT-B-32
517	constructivism (text)	text	fse_with_features	diversity	0.260986328125	diversity/constructivism_painting/ViT-B-32,	ViT-B-32
518	constructivism (text)	text	fse_with_generator_shift	quality	0.27587890625	quality/constructivism_painting/ViT-B-32,	ViT-B-32
519	constructivism (text)	text	fse_with_generator_shift	diversity	0.260986328125	diversity/constructivism_painting/ViT-B-32,	ViT-B-32
520	minimalist_drawing_indomain (text)	text	orig	quality	0.236328125	quality/minimalist_drawing/ViT-B-32,	ViT-B-32
521	minimalist_drawing_indomain (text)	text	orig	diversity	0.30322265625	diversity/minimalist_drawing/ViT-B-32,	ViT-B-32
522	minimalist_drawing_indomain (text)	text	e4e	quality	0.237548828125	quality/minimalist_drawing/ViT-B-32,	ViT-B-32
523	minimalist_drawing_indomain (text)	text	e4e	diversity	0.305419921875	diversity/minimalist_drawing/ViT-B-32,	ViT-B-32
524	minimalist_drawing_indomain (text)	text	fse	quality	0.2354736328125	quality/minimalist_drawing/ViT-B-32,	ViT-B-32
525	minimalist_drawing_indomain (text)	text	fse	diversity	0.304931640625	diversity/minimalist_drawing/ViT-B-32,	ViT-B-32
526	minimalist_drawing_indomain (text)	text	fse_with_features	quality	0.2218017578125	quality/minimalist_drawing/ViT-B-32,	ViT-B-32
527	minimalist_drawing_indomain (text)	text	fse_with_features	diversity	0.3427734375	diversity/minimalist_drawing/ViT-B-32,	ViT-B-32
528	minimalist_drawing_indomain (text)	text	fse_with_generator_shift	quality	0.2218017578125	quality/minimalist_drawing/ViT-B-32,	ViT-B-32
529	minimalist_drawing_indomain (text)	text	fse_with_generator_shift	diversity	0.3427734375	diversity/minimalist_drawing/ViT-B-32,	ViT-B-32
530	joker (text)	text	orig	quality	0.311279296875	quality/the_joker/ViT-B-32,	ViT-B-32
531	joker (text)	text	orig	diversity	0.127197265625	diversity/the_joker/ViT-B-32,	ViT-B-32
532	joker (text)	text	e4e	quality	0.313720703125	quality/the_joker/ViT-B-32,	ViT-B-32
533	joker (text)	text	e4e	diversity	0.11639404296875	diversity/the_joker/ViT-B-32,	ViT-B-32
534	joker (text)	text	fse	quality	0.310546875	quality/the_joker/ViT-B-32,	ViT-B-32
535	joker (text)	text	fse	diversity	0.11614990234375	diversity/the_joker/ViT-B-32,	ViT-B-32
536	joker (text)	text	fse_with_features	quality	0.27685546875	quality/the_joker/ViT-B-32,	ViT-B-32
537	joker (text)	text	fse_with_features	diversity	0.25732421875	diversity/the_joker/ViT-B-32,	ViT-B-32
538	joker (text)	text	fse_with_generator_shift	quality	0.30224609375	quality/the_joker/ViT-B-32,	ViT-B-32
539	joker (text)	text	fse_with_generator_shift	diversity	0.1392822265625	diversity/the_joker/ViT-B-32,	ViT-B-32
540	pop_art (text)	text	orig	quality	0.306396484375	quality/pop_art/ViT-B-32,	ViT-B-32
541	pop_art (text)	text	orig	diversity	0.15869140625	diversity/pop_art/ViT-B-32,	ViT-B-32
542	pop_art (text)	text	e4e	quality	0.307861328125	quality/pop_art/ViT-B-32,	ViT-B-32
543	pop_art (text)	text	e4e	diversity	0.145263671875	diversity/pop_art/ViT-B-32,	ViT-B-32
544	pop_art (text)	text	fse	quality	0.30712890625	quality/pop_art/ViT-B-32,	ViT-B-32
545	pop_art (text)	text	fse	diversity	0.150146484375	diversity/pop_art/ViT-B-32,	ViT-B-32
546	pop_art (text)	text	fse_with_features	quality	0.288818359375	quality/pop_art/ViT-B-32,	ViT-B-32
547	pop_art (text)	text	fse_with_features	diversity	0.276123046875	diversity/pop_art/ViT-B-32,	ViT-B-32
548	pop_art (text)	text	fse_with_generator_shift	quality	0.30029296875	quality/pop_art/ViT-B-32,	ViT-B-32
549	pop_art (text)	text	fse_with_generator_shift	diversity	0.1900634765625	diversity/pop_art/ViT-B-32,	ViT-B-32
550	anime_indomain (text)	text	orig	quality	0.298828125	quality/anime_painting/ViT-B-32,	ViT-B-32
551	anime_indomain (text)	text	orig	diversity	0.26904296875	diversity/anime_painting/ViT-B-32,	ViT-B-32
552	anime_indomain (text)	text	e4e	quality	0.2958984375	quality/anime_painting/ViT-B-32,	ViT-B-32
553	anime_indomain (text)	text	e4e	diversity	0.26220703125	diversity/anime_painting/ViT-B-32,	ViT-B-32
554	anime_indomain (text)	text	fse	quality	0.2919921875	quality/anime_painting/ViT-B-32,	ViT-B-32
555	anime_indomain (text)	text	fse	diversity	0.266845703125	diversity/anime_painting/ViT-B-32,	ViT-B-32
556	anime_indomain (text)	text	fse_with_features	quality	0.26220703125	quality/anime_painting/ViT-B-32,	ViT-B-32
557	anime_indomain (text)	text	fse_with_features	diversity	0.35302734375	diversity/anime_painting/ViT-B-32,	ViT-B-32
558	anime_indomain (text)	text	fse_with_generator_shift	quality	0.26220703125	quality/anime_painting/ViT-B-32,	ViT-B-32
559	anime_indomain (text)	text	fse_with_generator_shift	diversity	0.35302734375	diversity/anime_painting/ViT-B-32,	ViT-B-32
560	anime (text)	text	orig	quality	0.320068359375	quality/anime_painting/ViT-B-32,	ViT-B-32
561	anime (text)	text	orig	diversity	0.1632080078125	diversity/anime_painting/ViT-B-32,	ViT-B-32
562	anime (text)	text	e4e	quality	0.32275390625	quality/anime_painting/ViT-B-32,	ViT-B-32
563	anime (text)	text	e4e	diversity	0.133056640625	diversity/anime_painting/ViT-B-32,	ViT-B-32
564	anime (text)	text	fse	quality	0.321044921875	quality/anime_painting/ViT-B-32,	ViT-B-32
565	anime (text)	text	fse	diversity	0.1265869140625	diversity/anime_painting/ViT-B-32,	ViT-B-32
566	anime (text)	text	fse_with_features	quality	0.28125	quality/anime_painting/ViT-B-32,	ViT-B-32
567	anime (text)	text	fse_with_features	diversity	0.273193359375	diversity/anime_painting/ViT-B-32,	ViT-B-32
568	anime (text)	text	fse_with_generator_shift	quality	0.30908203125	quality/anime_painting/ViT-B-32,	ViT-B-32
569	anime (text)	text	fse_with_generator_shift	diversity	0.16455078125	diversity/anime_painting/ViT-B-32,	ViT-B-32
570	tolkien_elf (text)	text	orig	quality	0.35546875	quality/tolkien_elf/ViT-B-32,	ViT-B-32
571	tolkien_elf (text)	text	orig	diversity	0.169189453125	diversity/tolkien_elf/ViT-B-32,	ViT-B-32
572	tolkien_elf (text)	text	e4e	quality	0.357177734375	quality/tolkien_elf/ViT-B-32,	ViT-B-32
573	tolkien_elf (text)	text	e4e	diversity	0.13671875	diversity/tolkien_elf/ViT-B-32,	ViT-B-32
574	tolkien_elf (text)	text	fse	quality	0.35302734375	quality/tolkien_elf/ViT-B-32,	ViT-B-32
575	tolkien_elf (text)	text	fse	diversity	0.138671875	diversity/tolkien_elf/ViT-B-32,	ViT-B-32
576	tolkien_elf (text)	text	fse_with_features	quality	0.268798828125	quality/tolkien_elf/ViT-B-32,	ViT-B-32
577	tolkien_elf (text)	text	fse_with_features	diversity	0.33740234375	diversity/tolkien_elf/ViT-B-32,	ViT-B-32
578	tolkien_elf (text)	text	fse_with_generator_shift	quality	0.3427734375	quality/tolkien_elf/ViT-B-32,	ViT-B-32
579	tolkien_elf (text)	text	fse_with_generator_shift	diversity	0.1612548828125	diversity/tolkien_elf/ViT-B-32,	ViT-B-32
580	werewolf (text)	text	orig	quality	0.311767578125	quality/werewolf/ViT-B-32,	ViT-B-32
581	werewolf (text)	text	orig	diversity	0.11199951171875	diversity/werewolf/ViT-B-32,	ViT-B-32
582	werewolf (text)	text	e4e	quality	0.314453125	quality/werewolf/ViT-B-32,	ViT-B-32
583	werewolf (text)	text	e4e	diversity	0.090087890625	diversity/werewolf/ViT-B-32,	ViT-B-32
584	werewolf (text)	text	fse	quality	0.313720703125	quality/werewolf/ViT-B-32,	ViT-B-32
585	werewolf (text)	text	fse	diversity	0.07763671875	diversity/werewolf/ViT-B-32,	ViT-B-32
586	werewolf (text)	text	fse_with_features	quality	0.263916015625	quality/werewolf/ViT-B-32,	ViT-B-32
587	werewolf (text)	text	fse_with_features	diversity	0.23046875	diversity/werewolf/ViT-B-32,	ViT-B-32
588	werewolf (text)	text	fse_with_generator_shift	quality	0.2978515625	quality/werewolf/ViT-B-32,	ViT-B-32
589	werewolf (text)	text	fse_with_generator_shift	diversity	0.11187744140625	diversity/werewolf/ViT-B-32,	ViT-B-32
590	ukiyo-e_indomain (text)	text	orig	quality	0.318115234375	quality/a_painting_in_ukiyo-e_style/ViT-B-32,	ViT-B-32
591	ukiyo-e_indomain (text)	text	orig	diversity	0.257568359375	diversity/a_painting_in_ukiyo-e_style/ViT-B-32,	ViT-B-32
592	ukiyo-e_indomain (text)	text	e4e	quality	0.307861328125	quality/a_painting_in_ukiyo-e_style/ViT-B-32,	ViT-B-32
593	ukiyo-e_indomain (text)	text	e4e	diversity	0.259033203125	diversity/a_painting_in_ukiyo-e_style/ViT-B-32,	ViT-B-32
594	ukiyo-e_indomain (text)	text	fse	quality	0.30419921875	quality/a_painting_in_ukiyo-e_style/ViT-B-32,	ViT-B-32
595	ukiyo-e_indomain (text)	text	fse	diversity	0.2489013671875	diversity/a_painting_in_ukiyo-e_style/ViT-B-32,	ViT-B-32
596	ukiyo-e_indomain (text)	text	fse_with_features	quality	0.283447265625	quality/a_painting_in_ukiyo-e_style/ViT-B-32,	ViT-B-32
597	ukiyo-e_indomain (text)	text	fse_with_features	diversity	0.322021484375	diversity/a_painting_in_ukiyo-e_style/ViT-B-32,	ViT-B-32
598	ukiyo-e_indomain (text)	text	fse_with_generator_shift	quality	0.283447265625	quality/a_painting_in_ukiyo-e_style/ViT-B-32,	ViT-B-32
599	ukiyo-e_indomain (text)	text	fse_with_generator_shift	diversity	0.322021484375	diversity/a_painting_in_ukiyo-e_style/ViT-B-32,	ViT-B-32
600	zombie (text)	text	orig	quality	0.31103515625	quality/zombie/ViT-B-32,	ViT-B-32
601	zombie (text)	text	orig	diversity	0.121826171875	diversity/zombie/ViT-B-32,	ViT-B-32
602	zombie (text)	text	e4e	quality	0.305908203125	quality/zombie/ViT-B-32,	ViT-B-32
603	zombie (text)	text	e4e	diversity	0.1248779296875	diversity/zombie/ViT-B-32,	ViT-B-32
604	zombie (text)	text	fse	quality	0.308349609375	quality/zombie/ViT-B-32,	ViT-B-32
605	zombie (text)	text	fse	diversity	0.115966796875	diversity/zombie/ViT-B-32,	ViT-B-32
606	zombie (text)	text	fse_with_features	quality	0.30224609375	quality/zombie/ViT-B-32,	ViT-B-32
607	zombie (text)	text	fse_with_features	diversity	0.1982421875	diversity/zombie/ViT-B-32,	ViT-B-32
608	zombie (text)	text	fse_with_generator_shift	quality	0.305419921875	quality/zombie/ViT-B-32,	ViT-B-32
609	zombie (text)	text	fse_with_generator_shift	diversity	0.1673583984375	diversity/zombie/ViT-B-32,	ViT-B-32
610	impressionism_painting (text)	text	orig	quality	0.30712890625	quality/impressionism_painting/ViT-B-32,	ViT-B-32
611	impressionism_painting (text)	text	orig	diversity	0.2191162109375	diversity/impressionism_painting/ViT-B-32,	ViT-B-32
612	impressionism_painting (text)	text	e4e	quality	0.301025390625	quality/impressionism_painting/ViT-B-32,	ViT-B-32
613	impressionism_painting (text)	text	e4e	diversity	0.218505859375	diversity/impressionism_painting/ViT-B-32,	ViT-B-32
614	impressionism_painting (text)	text	fse	quality	0.298828125	quality/impressionism_painting/ViT-B-32,	ViT-B-32
615	impressionism_painting (text)	text	fse	diversity	0.22998046875	diversity/impressionism_painting/ViT-B-32,	ViT-B-32
616	impressionism_painting (text)	text	fse_with_features	quality	0.27197265625	quality/impressionism_painting/ViT-B-32,	ViT-B-32
617	impressionism_painting (text)	text	fse_with_features	diversity	0.292724609375	diversity/impressionism_painting/ViT-B-32,	ViT-B-32
618	impressionism_painting (text)	text	fse_with_generator_shift	quality	0.282958984375	quality/impressionism_painting/ViT-B-32,	ViT-B-32
619	impressionism_painting (text)	text	fse_with_generator_shift	diversity	0.278564453125	diversity/impressionism_painting/ViT-B-32,	ViT-B-32
620	disney_princess_indomain (text)	text	orig	quality	0.276123046875	quality/disney_princess/ViT-B-32,	ViT-B-32
621	disney_princess_indomain (text)	text	orig	diversity	0.259521484375	diversity/disney_princess/ViT-B-32,	ViT-B-32
622	disney_princess_indomain (text)	text	e4e	quality	0.275390625	quality/disney_princess/ViT-B-32,	ViT-B-32
623	disney_princess_indomain (text)	text	e4e	diversity	0.251708984375	diversity/disney_princess/ViT-B-32,	ViT-B-32
624	disney_princess_indomain (text)	text	fse	quality	0.2734375	quality/disney_princess/ViT-B-32,	ViT-B-32
625	disney_princess_indomain (text)	text	fse	diversity	0.256103515625	diversity/disney_princess/ViT-B-32,	ViT-B-32
626	disney_princess_indomain (text)	text	fse_with_features	quality	0.2470703125	quality/disney_princess/ViT-B-32,	ViT-B-32
627	disney_princess_indomain (text)	text	fse_with_features	diversity	0.3427734375	diversity/disney_princess/ViT-B-32,	ViT-B-32
628	disney_princess_indomain (text)	text	fse_with_generator_shift	quality	0.2470703125	quality/disney_princess/ViT-B-32,	ViT-B-32
629	disney_princess_indomain (text)	text	fse_with_generator_shift	diversity	0.3427734375	diversity/disney_princess/ViT-B-32,	ViT-B-32
630	disney_princess (text)	text	orig	quality	0.289306640625	quality/disney_princess/ViT-B-32,	ViT-B-32
631	disney_princess (text)	text	orig	diversity	0.1717529296875	diversity/disney_princess/ViT-B-32,	ViT-B-32
632	disney_princess (text)	text	e4e	quality	0.2880859375	quality/disney_princess/ViT-B-32,	ViT-B-32
633	disney_princess (text)	text	e4e	diversity	0.157958984375	diversity/disney_princess/ViT-B-32,	ViT-B-32
634	disney_princess (text)	text	fse	quality	0.2841796875	quality/disney_princess/ViT-B-32,	ViT-B-32
635	disney_princess (text)	text	fse	diversity	0.1680908203125	diversity/disney_princess/ViT-B-32,	ViT-B-32
636	disney_princess (text)	text	fse_with_features	quality	0.24658203125	quality/disney_princess/ViT-B-32,	ViT-B-32
637	disney_princess (text)	text	fse_with_features	diversity	0.3173828125	diversity/disney_princess/ViT-B-32,	ViT-B-32
638	disney_princess (text)	text	fse_with_generator_shift	quality	0.2724609375	quality/disney_princess/ViT-B-32,	ViT-B-32
639	disney_princess (text)	text	fse_with_generator_shift	diversity	0.230712890625	diversity/disney_princess/ViT-B-32,	ViT-B-32
640	hermione_granger_indomain (text)	text	orig	quality	0.317138671875	quality/hermione_granger_(harry_potter)/ViT-B-32,	ViT-B-32
641	hermione_granger_indomain (text)	text	orig	diversity	0.2578125	diversity/hermione_granger_(harry_potter)/ViT-B-32,	ViT-B-32
642	hermione_granger_indomain (text)	text	e4e	quality	0.304931640625	quality/hermione_granger_(harry_potter)/ViT-B-32,	ViT-B-32
643	hermione_granger_indomain (text)	text	e4e	diversity	0.2469482421875	diversity/hermione_granger_(harry_potter)/ViT-B-32,	ViT-B-32
644	hermione_granger_indomain (text)	text	fse	quality	0.303466796875	quality/hermione_granger_(harry_potter)/ViT-B-32,	ViT-B-32
645	hermione_granger_indomain (text)	text	fse	diversity	0.261962890625	diversity/hermione_granger_(harry_potter)/ViT-B-32,	ViT-B-32
646	hermione_granger_indomain (text)	text	fse_with_features	quality	0.245849609375	quality/hermione_granger_(harry_potter)/ViT-B-32,	ViT-B-32
647	hermione_granger_indomain (text)	text	fse_with_features	diversity	0.359375	diversity/hermione_granger_(harry_potter)/ViT-B-32,	ViT-B-32
648	hermione_granger_indomain (text)	text	fse_with_generator_shift	quality	0.245849609375	quality/hermione_granger_(harry_potter)/ViT-B-32,	ViT-B-32
649	hermione_granger_indomain (text)	text	fse_with_generator_shift	diversity	0.359375	diversity/hermione_granger_(harry_potter)/ViT-B-32,	ViT-B-32
650	cubism_painting_indomain (text)	text	orig	quality	0.28173828125	quality/cubism_painting/ViT-B-32,	ViT-B-32
651	cubism_painting_indomain (text)	text	orig	diversity	0.255126953125	diversity/cubism_painting/ViT-B-32,	ViT-B-32
652	cubism_painting_indomain (text)	text	e4e	quality	0.27392578125	quality/cubism_painting/ViT-B-32,	ViT-B-32
653	cubism_painting_indomain (text)	text	e4e	diversity	0.2388916015625	diversity/cubism_painting/ViT-B-32,	ViT-B-32
654	cubism_painting_indomain (text)	text	fse	quality	0.27490234375	quality/cubism_painting/ViT-B-32,	ViT-B-32
655	cubism_painting_indomain (text)	text	fse	diversity	0.249267578125	diversity/cubism_painting/ViT-B-32,	ViT-B-32
656	cubism_painting_indomain (text)	text	fse_with_features	quality	0.260986328125	quality/cubism_painting/ViT-B-32,	ViT-B-32
657	cubism_painting_indomain (text)	text	fse_with_features	diversity	0.31494140625	diversity/cubism_painting/ViT-B-32,	ViT-B-32
658	cubism_painting_indomain (text)	text	fse_with_generator_shift	quality	0.260986328125	quality/cubism_painting/ViT-B-32,	ViT-B-32
659	cubism_painting_indomain (text)	text	fse_with_generator_shift	diversity	0.31494140625	diversity/cubism_painting/ViT-B-32,	ViT-B-32
660	sketch_indomain (text)	text	orig	quality	0.259765625	quality/sketch/ViT-B-32,	ViT-B-32
661	sketch_indomain (text)	text	orig	diversity	0.2802734375	diversity/sketch/ViT-B-32,	ViT-B-32
662	sketch_indomain (text)	text	e4e	quality	0.251220703125	quality/sketch/ViT-B-32,	ViT-B-32
663	sketch_indomain (text)	text	e4e	diversity	0.30322265625	diversity/sketch/ViT-B-32,	ViT-B-32
664	sketch_indomain (text)	text	fse	quality	0.250244140625	quality/sketch/ViT-B-32,	ViT-B-32
665	sketch_indomain (text)	text	fse	diversity	0.29931640625	diversity/sketch/ViT-B-32,	ViT-B-32
666	sketch_indomain (text)	text	fse_with_features	quality	0.2467041015625	quality/sketch/ViT-B-32,	ViT-B-32
667	sketch_indomain (text)	text	fse_with_features	diversity	0.327392578125	diversity/sketch/ViT-B-32,	ViT-B-32
668	sketch_indomain (text)	text	fse_with_generator_shift	quality	0.2467041015625	quality/sketch/ViT-B-32,	ViT-B-32
669	sketch_indomain (text)	text	fse_with_generator_shift	diversity	0.327392578125	diversity/sketch/ViT-B-32,	ViT-B-32
670	claude_monet_painting_indomain (text)	text	orig	quality	0.28857421875	quality/claude_monet_painting/ViT-B-32,	ViT-B-32
671	claude_monet_painting_indomain (text)	text	orig	diversity	0.293212890625	diversity/claude_monet_painting/ViT-B-32,	ViT-B-32
672	claude_monet_painting_indomain (text)	text	e4e	quality	0.27685546875	quality/claude_monet_painting/ViT-B-32,	ViT-B-32
673	claude_monet_painting_indomain (text)	text	e4e	diversity	0.3017578125	diversity/claude_monet_painting/ViT-B-32,	ViT-B-32
674	claude_monet_painting_indomain (text)	text	fse	quality	0.27880859375	quality/claude_monet_painting/ViT-B-32,	ViT-B-32
675	claude_monet_painting_indomain (text)	text	fse	diversity	0.297607421875	diversity/claude_monet_painting/ViT-B-32,	ViT-B-32
676	claude_monet_painting_indomain (text)	text	fse_with_features	quality	0.255859375	quality/claude_monet_painting/ViT-B-32,	ViT-B-32
677	claude_monet_painting_indomain (text)	text	fse_with_features	diversity	0.349609375	diversity/claude_monet_painting/ViT-B-32,	ViT-B-32
678	claude_monet_painting_indomain (text)	text	fse_with_generator_shift	quality	0.255859375	quality/claude_monet_painting/ViT-B-32,	ViT-B-32
679	claude_monet_painting_indomain (text)	text	fse_with_generator_shift	diversity	0.349853515625	diversity/claude_monet_painting/ViT-B-32,	ViT-B-32
680	cubism_painting (text)	text	orig	quality	0.314697265625	quality/cubism_painting/ViT-B-32,	ViT-B-32
681	cubism_painting (text)	text	orig	diversity	0.1417236328125	diversity/cubism_painting/ViT-B-32,	ViT-B-32
682	cubism_painting (text)	text	e4e	quality	0.31494140625	quality/cubism_painting/ViT-B-32,	ViT-B-32
683	cubism_painting (text)	text	e4e	diversity	0.11962890625	diversity/cubism_painting/ViT-B-32,	ViT-B-32
684	cubism_painting (text)	text	fse	quality	0.314453125	quality/cubism_painting/ViT-B-32,	ViT-B-32
685	cubism_painting (text)	text	fse	diversity	0.12353515625	diversity/cubism_painting/ViT-B-32,	ViT-B-32
686	cubism_painting (text)	text	fse_with_features	quality	0.285400390625	quality/cubism_painting/ViT-B-32,	ViT-B-32
687	cubism_painting (text)	text	fse_with_features	diversity	0.24609375	diversity/cubism_painting/ViT-B-32,	ViT-B-32
688	cubism_painting (text)	text	fse_with_generator_shift	quality	0.30419921875	quality/cubism_painting/ViT-B-32,	ViT-B-32
689	cubism_painting (text)	text	fse_with_generator_shift	diversity	0.16748046875	diversity/cubism_painting/ViT-B-32,	ViT-B-32
690	the_thanos_indomain (text)	text	orig	quality	0.2998046875	quality/the_thanos/ViT-B-32,	ViT-B-32
691	the_thanos_indomain (text)	text	orig	diversity	0.275634765625	diversity/the_thanos/ViT-B-32,	ViT-B-32
692	the_thanos_indomain (text)	text	e4e	quality	0.288818359375	quality/the_thanos/ViT-B-32,	ViT-B-32
693	the_thanos_indomain (text)	text	e4e	diversity	0.2978515625	diversity/the_thanos/ViT-B-32,	ViT-B-32
694	the_thanos_indomain (text)	text	fse	quality	0.2919921875	quality/the_thanos/ViT-B-32,	ViT-B-32
695	the_thanos_indomain (text)	text	fse	diversity	0.288330078125	diversity/the_thanos/ViT-B-32,	ViT-B-32
696	the_thanos_indomain (text)	text	fse_with_features	quality	0.26904296875	quality/the_thanos/ViT-B-32,	ViT-B-32
697	the_thanos_indomain (text)	text	fse_with_features	diversity	0.3447265625	diversity/the_thanos/ViT-B-32,	ViT-B-32
698	the_thanos_indomain (text)	text	fse_with_generator_shift	quality	0.26904296875	quality/the_thanos/ViT-B-32,	ViT-B-32
699	the_thanos_indomain (text)	text	fse_with_generator_shift	diversity	0.3447265625	diversity/the_thanos/ViT-B-32,	ViT-B-32
700	pixar_indomain (text)	text	orig	quality	0.3251953125	quality/3d_render_in_the_style_of_pixar/ViT-B-32,	ViT-B-32
701	pixar_indomain (text)	text	orig	diversity	0.234130859375	diversity/3d_render_in_the_style_of_pixar/ViT-B-32,	ViT-B-32
702	pixar_indomain (text)	text	e4e	quality	0.32568359375	quality/3d_render_in_the_style_of_pixar/ViT-B-32,	ViT-B-32
703	pixar_indomain (text)	text	e4e	diversity	0.206787109375	diversity/3d_render_in_the_style_of_pixar/ViT-B-32,	ViT-B-32
704	pixar_indomain (text)	text	fse	quality	0.327880859375	quality/3d_render_in_the_style_of_pixar/ViT-B-32,	ViT-B-32
705	pixar_indomain (text)	text	fse	diversity	0.19921875	diversity/3d_render_in_the_style_of_pixar/ViT-B-32,	ViT-B-32
706	pixar_indomain (text)	text	fse_with_features	quality	0.30224609375	quality/3d_render_in_the_style_of_pixar/ViT-B-32,	ViT-B-32
707	pixar_indomain (text)	text	fse_with_features	diversity	0.2822265625	diversity/3d_render_in_the_style_of_pixar/ViT-B-32,	ViT-B-32
708	pixar_indomain (text)	text	fse_with_generator_shift	quality	0.30224609375	quality/3d_render_in_the_style_of_pixar/ViT-B-32,	ViT-B-32
709	pixar_indomain (text)	text	fse_with_generator_shift	diversity	0.2822265625	diversity/3d_render_in_the_style_of_pixar/ViT-B-32,	ViT-B-32
710	joker_indomain (text)	text	orig	quality	0.3037109375	quality/the_joker/ViT-B-32,	ViT-B-32
711	joker_indomain (text)	text	orig	diversity	0.2115478515625	diversity/the_joker/ViT-B-32,	ViT-B-32
712	joker_indomain (text)	text	e4e	quality	0.3046875	quality/the_joker/ViT-B-32,	ViT-B-32
713	joker_indomain (text)	text	e4e	diversity	0.2021484375	diversity/the_joker/ViT-B-32,	ViT-B-32
714	joker_indomain (text)	text	fse	quality	0.300537109375	quality/the_joker/ViT-B-32,	ViT-B-32
715	joker_indomain (text)	text	fse	diversity	0.1971435546875	diversity/the_joker/ViT-B-32,	ViT-B-32
716	joker_indomain (text)	text	fse_with_features	quality	0.278564453125	quality/the_joker/ViT-B-32,	ViT-B-32
717	joker_indomain (text)	text	fse_with_features	diversity	0.283203125	diversity/the_joker/ViT-B-32,	ViT-B-32
718	joker_indomain (text)	text	fse_with_generator_shift	quality	0.278564453125	quality/the_joker/ViT-B-32,	ViT-B-32
719	joker_indomain (text)	text	fse_with_generator_shift	diversity	0.283203125	diversity/the_joker/ViT-B-32,	ViT-B-32
