	s_domain	encoder_type	metric_name	metric_value
0	jojo	orig	quality/jojo/ViT-B-32,	0.26025390625
1	jojo	orig	diversity/jojo/ViT-B-32,	0.1859130859375
2	jojo	orig	quality/jojo/ViT-B-16,	0.26806640625
3	jojo	orig	diversity/jojo/ViT-B-16,	0.1702880859375
4	jojo	e4e	quality/jojo/ViT-B-32,	0.25537109375
5	jojo	e4e	diversity/jojo/ViT-B-32,	0.171142578125
6	jojo	e4e	quality/jojo/ViT-B-16,	0.2626953125
7	jojo	e4e	diversity/jojo/ViT-B-16,	0.14990234375
8	jojo	fse	quality/jojo/ViT-B-32,	0.25439453125
9	jojo	fse	diversity/jojo/ViT-B-32,	0.17578125
10	jojo	fse	quality/jojo/ViT-B-16,	0.2626953125
11	jojo	fse	diversity/jojo/ViT-B-16,	0.15283203125
12	jojo	fse_with_features	quality/jojo/ViT-B-32,	0.247314453125
13	jojo	fse_with_features	diversity/jojo/ViT-B-32,	0.3017578125
14	jojo	fse_with_features	quality/jojo/ViT-B-16,	0.252197265625
15	jojo	fse_with_features	diversity/jojo/ViT-B-16,	0.28466796875
16	jojo	fse_with_generator_shift	quality/jojo/ViT-B-32,	0.25439453125
17	jojo	fse_with_generator_shift	diversity/jojo/ViT-B-32,	0.26318359375
18	jojo	fse_with_generator_shift	quality/jojo/ViT-B-16,	0.259765625
19	jojo	fse_with_generator_shift	diversity/jojo/ViT-B-16,	0.251708984375
20	nigelwy_untitled_artwork_18	orig	quality/nigelwy_untitled_artwork_18/ViT-B-32,	0.228759765625
21	nigelwy_untitled_artwork_18	orig	diversity/nigelwy_untitled_artwork_18/ViT-B-32,	0.242431640625
22	nigelwy_untitled_artwork_18	orig	quality/nigelwy_untitled_artwork_18/ViT-B-16,	0.211669921875
23	nigelwy_untitled_artwork_18	orig	diversity/nigelwy_untitled_artwork_18/ViT-B-16,	0.22802734375
24	nigelwy_untitled_artwork_18	e4e	quality/nigelwy_untitled_artwork_18/ViT-B-32,	0.233642578125
25	nigelwy_untitled_artwork_18	e4e	diversity/nigelwy_untitled_artwork_18/ViT-B-32,	0.237548828125
26	nigelwy_untitled_artwork_18	e4e	quality/nigelwy_untitled_artwork_18/ViT-B-16,	0.21630859375
27	nigelwy_untitled_artwork_18	e4e	diversity/nigelwy_untitled_artwork_18/ViT-B-16,	0.2197265625
28	nigelwy_untitled_artwork_18	fse	quality/nigelwy_untitled_artwork_18/ViT-B-32,	0.23291015625
29	nigelwy_untitled_artwork_18	fse	diversity/nigelwy_untitled_artwork_18/ViT-B-32,	0.25341796875
30	nigelwy_untitled_artwork_18	fse	quality/nigelwy_untitled_artwork_18/ViT-B-16,	0.219970703125
31	nigelwy_untitled_artwork_18	fse	diversity/nigelwy_untitled_artwork_18/ViT-B-16,	0.235107421875
32	nigelwy_untitled_artwork_18	fse_with_features	quality/nigelwy_untitled_artwork_18/ViT-B-32,	0.228271484375
33	nigelwy_untitled_artwork_18	fse_with_features	diversity/nigelwy_untitled_artwork_18/ViT-B-32,	0.33349609375
34	nigelwy_untitled_artwork_18	fse_with_features	quality/nigelwy_untitled_artwork_18/ViT-B-16,	0.2275390625
35	nigelwy_untitled_artwork_18	fse_with_features	diversity/nigelwy_untitled_artwork_18/ViT-B-16,	0.306884765625
36	nigelwy_untitled_artwork_18	fse_with_generator_shift	quality/nigelwy_untitled_artwork_18/ViT-B-32,	0.232421875
37	nigelwy_untitled_artwork_18	fse_with_generator_shift	diversity/nigelwy_untitled_artwork_18/ViT-B-32,	0.311279296875
38	nigelwy_untitled_artwork_18	fse_with_generator_shift	quality/nigelwy_untitled_artwork_18/ViT-B-16,	0.229736328125
39	nigelwy_untitled_artwork_18	fse_with_generator_shift	diversity/nigelwy_untitled_artwork_18/ViT-B-16,	0.2939453125
40	digital_painting_jing	orig	quality/digital_painting_jing/ViT-B-32,	0.30224609375
41	digital_painting_jing	orig	diversity/digital_painting_jing/ViT-B-32,	0.2139892578125
42	digital_painting_jing	orig	quality/digital_painting_jing/ViT-B-16,	0.29638671875
43	digital_painting_jing	orig	diversity/digital_painting_jing/ViT-B-16,	0.193603515625
44	digital_painting_jing	e4e	quality/digital_painting_jing/ViT-B-32,	0.305908203125
45	digital_painting_jing	e4e	diversity/digital_painting_jing/ViT-B-32,	0.2218017578125
46	digital_painting_jing	e4e	quality/digital_painting_jing/ViT-B-16,	0.301025390625
47	digital_painting_jing	e4e	diversity/digital_painting_jing/ViT-B-16,	0.1917724609375
48	digital_painting_jing	fse	quality/digital_painting_jing/ViT-B-32,	0.30078125
49	digital_painting_jing	fse	diversity/digital_painting_jing/ViT-B-32,	0.2242431640625
50	digital_painting_jing	fse	quality/digital_painting_jing/ViT-B-16,	0.29345703125
51	digital_painting_jing	fse	diversity/digital_painting_jing/ViT-B-16,	0.1951904296875
52	digital_painting_jing	fse_with_features	quality/digital_painting_jing/ViT-B-32,	0.285888671875
53	digital_painting_jing	fse_with_features	diversity/digital_painting_jing/ViT-B-32,	0.296875
54	digital_painting_jing	fse_with_features	quality/digital_painting_jing/ViT-B-16,	0.27978515625
55	digital_painting_jing	fse_with_features	diversity/digital_painting_jing/ViT-B-16,	0.274658203125
56	digital_painting_jing	fse_with_generator_shift	quality/digital_painting_jing/ViT-B-32,	0.292236328125
57	digital_painting_jing	fse_with_generator_shift	diversity/digital_painting_jing/ViT-B-32,	0.27294921875
58	digital_painting_jing	fse_with_generator_shift	quality/digital_painting_jing/ViT-B-16,	0.28662109375
59	digital_painting_jing	fse_with_generator_shift	diversity/digital_painting_jing/ViT-B-16,	0.257568359375
60	titan_armin	orig	quality/titan_armin/ViT-B-32,	0.259521484375
61	titan_armin	orig	diversity/titan_armin/ViT-B-32,	0.2388916015625
62	titan_armin	orig	quality/titan_armin/ViT-B-16,	0.279541015625
63	titan_armin	orig	diversity/titan_armin/ViT-B-16,	0.23046875
64	titan_armin	e4e	quality/titan_armin/ViT-B-32,	0.263671875
65	titan_armin	e4e	diversity/titan_armin/ViT-B-32,	0.217041015625
66	titan_armin	e4e	quality/titan_armin/ViT-B-16,	0.286376953125
67	titan_armin	e4e	diversity/titan_armin/ViT-B-16,	0.21435546875
68	titan_armin	fse	quality/titan_armin/ViT-B-32,	0.26318359375
69	titan_armin	fse	diversity/titan_armin/ViT-B-32,	0.21484375
70	titan_armin	fse	quality/titan_armin/ViT-B-16,	0.28466796875
71	titan_armin	fse	diversity/titan_armin/ViT-B-16,	0.2073974609375
72	titan_armin	fse_with_features	quality/titan_armin/ViT-B-32,	0.2197265625
73	titan_armin	fse_with_features	diversity/titan_armin/ViT-B-32,	0.308837890625
74	titan_armin	fse_with_features	quality/titan_armin/ViT-B-16,	0.2366943359375
75	titan_armin	fse_with_features	diversity/titan_armin/ViT-B-16,	0.28515625
76	titan_armin	fse_with_generator_shift	quality/titan_armin/ViT-B-32,	0.232666015625
77	titan_armin	fse_with_generator_shift	diversity/titan_armin/ViT-B-32,	0.281494140625
78	titan_armin	fse_with_generator_shift	quality/titan_armin/ViT-B-16,	0.2509765625
79	titan_armin	fse_with_generator_shift	diversity/titan_armin/ViT-B-16,	0.263916015625
80	joker	orig	quality/joker/ViT-B-32,	0.299560546875
81	joker	orig	diversity/joker/ViT-B-32,	0.1270751953125
82	joker	orig	quality/joker/ViT-B-16,	0.30517578125
83	joker	orig	diversity/joker/ViT-B-16,	0.1407470703125
84	joker	e4e	quality/joker/ViT-B-32,	0.302978515625
85	joker	e4e	diversity/joker/ViT-B-32,	0.1163330078125
86	joker	e4e	quality/joker/ViT-B-16,	0.311279296875
87	joker	e4e	diversity/joker/ViT-B-16,	0.12548828125
88	joker	fse	quality/joker/ViT-B-32,	0.30126953125
89	joker	fse	diversity/joker/ViT-B-32,	0.11614990234375
90	joker	fse	quality/joker/ViT-B-16,	0.30419921875
91	joker	fse	diversity/joker/ViT-B-16,	0.1304931640625
92	joker	fse_with_features	quality/joker/ViT-B-32,	0.270751953125
93	joker	fse_with_features	diversity/joker/ViT-B-32,	0.25732421875
94	joker	fse_with_features	quality/joker/ViT-B-16,	0.27294921875
95	joker	fse_with_features	diversity/joker/ViT-B-16,	0.249755859375
96	joker	fse_with_generator_shift	quality/joker/ViT-B-32,	0.29443359375
97	joker	fse_with_generator_shift	diversity/joker/ViT-B-32,	0.1392822265625
98	joker	fse_with_generator_shift	quality/joker/ViT-B-16,	0.302490234375
99	joker	fse_with_generator_shift	diversity/joker/ViT-B-16,	0.1453857421875
100	oliver_wetter_corie_lynn_concept_1_final_back_web	orig	quality/oliver_wetter_corie_lynn_concept_final_back_web/ViT-B-32,	0.2423095703125
101	oliver_wetter_corie_lynn_concept_1_final_back_web	orig	diversity/oliver_wetter_corie_lynn_concept_final_back_web/ViT-B-32,	0.265869140625
102	oliver_wetter_corie_lynn_concept_1_final_back_web	orig	quality/oliver_wetter_corie_lynn_concept_final_back_web/ViT-B-16,	0.1654052734375
103	oliver_wetter_corie_lynn_concept_1_final_back_web	orig	diversity/oliver_wetter_corie_lynn_concept_final_back_web/ViT-B-16,	0.2449951171875
104	oliver_wetter_corie_lynn_concept_1_final_back_web	e4e	quality/oliver_wetter_corie_lynn_concept_final_back_web/ViT-B-32,	0.23583984375
105	oliver_wetter_corie_lynn_concept_1_final_back_web	e4e	diversity/oliver_wetter_corie_lynn_concept_final_back_web/ViT-B-32,	0.256591796875
106	oliver_wetter_corie_lynn_concept_1_final_back_web	e4e	quality/oliver_wetter_corie_lynn_concept_final_back_web/ViT-B-16,	0.149169921875
107	oliver_wetter_corie_lynn_concept_1_final_back_web	e4e	diversity/oliver_wetter_corie_lynn_concept_final_back_web/ViT-B-16,	0.234130859375
108	oliver_wetter_corie_lynn_concept_1_final_back_web	fse	quality/oliver_wetter_corie_lynn_concept_final_back_web/ViT-B-32,	0.23779296875
109	oliver_wetter_corie_lynn_concept_1_final_back_web	fse	diversity/oliver_wetter_corie_lynn_concept_final_back_web/ViT-B-32,	0.2476806640625
110	oliver_wetter_corie_lynn_concept_1_final_back_web	fse	quality/oliver_wetter_corie_lynn_concept_final_back_web/ViT-B-16,	0.153076171875
111	oliver_wetter_corie_lynn_concept_1_final_back_web	fse	diversity/oliver_wetter_corie_lynn_concept_final_back_web/ViT-B-16,	0.229736328125
112	oliver_wetter_corie_lynn_concept_1_final_back_web	fse_with_features	quality/oliver_wetter_corie_lynn_concept_final_back_web/ViT-B-32,	0.228515625
113	oliver_wetter_corie_lynn_concept_1_final_back_web	fse_with_features	diversity/oliver_wetter_corie_lynn_concept_final_back_web/ViT-B-32,	0.33447265625
114	oliver_wetter_corie_lynn_concept_1_final_back_web	fse_with_features	quality/oliver_wetter_corie_lynn_concept_final_back_web/ViT-B-16,	0.1466064453125
115	oliver_wetter_corie_lynn_concept_1_final_back_web	fse_with_features	diversity/oliver_wetter_corie_lynn_concept_final_back_web/ViT-B-16,	0.299072265625
116	oliver_wetter_corie_lynn_concept_1_final_back_web	fse_with_generator_shift	quality/oliver_wetter_corie_lynn_concept_final_back_web/ViT-B-32,	0.2327880859375
117	oliver_wetter_corie_lynn_concept_1_final_back_web	fse_with_generator_shift	diversity/oliver_wetter_corie_lynn_concept_final_back_web/ViT-B-32,	0.3212890625
118	oliver_wetter_corie_lynn_concept_1_final_back_web	fse_with_generator_shift	quality/oliver_wetter_corie_lynn_concept_final_back_web/ViT-B-16,	0.149169921875
119	oliver_wetter_corie_lynn_concept_1_final_back_web	fse_with_generator_shift	diversity/oliver_wetter_corie_lynn_concept_final_back_web/ViT-B-16,	0.290771484375
120	murasaki_nora_asuya	orig	quality/murasaki_nora_asuya/ViT-B-32,	0.197265625
121	murasaki_nora_asuya	orig	diversity/murasaki_nora_asuya/ViT-B-32,	0.2413330078125
122	murasaki_nora_asuya	orig	quality/murasaki_nora_asuya/ViT-B-16,	0.200927734375
123	murasaki_nora_asuya	orig	diversity/murasaki_nora_asuya/ViT-B-16,	0.223388671875
124	murasaki_nora_asuya	e4e	quality/murasaki_nora_asuya/ViT-B-32,	0.1951904296875
125	murasaki_nora_asuya	e4e	diversity/murasaki_nora_asuya/ViT-B-32,	0.2257080078125
126	murasaki_nora_asuya	e4e	quality/murasaki_nora_asuya/ViT-B-16,	0.205078125
127	murasaki_nora_asuya	e4e	diversity/murasaki_nora_asuya/ViT-B-16,	0.212646484375
128	murasaki_nora_asuya	fse	quality/murasaki_nora_asuya/ViT-B-32,	0.19873046875
129	murasaki_nora_asuya	fse	diversity/murasaki_nora_asuya/ViT-B-32,	0.2216796875
130	murasaki_nora_asuya	fse	quality/murasaki_nora_asuya/ViT-B-16,	0.2086181640625
131	murasaki_nora_asuya	fse	diversity/murasaki_nora_asuya/ViT-B-16,	0.207275390625
132	murasaki_nora_asuya	fse_with_features	quality/murasaki_nora_asuya/ViT-B-32,	0.1851806640625
133	murasaki_nora_asuya	fse_with_features	diversity/murasaki_nora_asuya/ViT-B-32,	0.314453125
134	murasaki_nora_asuya	fse_with_features	quality/murasaki_nora_asuya/ViT-B-16,	0.18896484375
135	murasaki_nora_asuya	fse_with_features	diversity/murasaki_nora_asuya/ViT-B-16,	0.28515625
136	murasaki_nora_asuya	fse_with_generator_shift	quality/murasaki_nora_asuya/ViT-B-32,	0.1864013671875
137	murasaki_nora_asuya	fse_with_generator_shift	diversity/murasaki_nora_asuya/ViT-B-32,	0.29541015625
138	murasaki_nora_asuya	fse_with_generator_shift	quality/murasaki_nora_asuya/ViT-B-16,	0.1942138671875
139	murasaki_nora_asuya	fse_with_generator_shift	diversity/murasaki_nora_asuya/ViT-B-16,	0.270751953125
140	disney_princess	orig	quality/disney_princess/ViT-B-32,	0.289306640625
141	disney_princess	orig	diversity/disney_princess/ViT-B-32,	0.1724853515625
142	disney_princess	orig	quality/disney_princess/ViT-B-16,	0.300537109375
143	disney_princess	orig	diversity/disney_princess/ViT-B-16,	0.1612548828125
144	disney_princess	e4e	quality/disney_princess/ViT-B-32,	0.2880859375
145	disney_princess	e4e	diversity/disney_princess/ViT-B-32,	0.157958984375
146	disney_princess	e4e	quality/disney_princess/ViT-B-16,	0.29931640625
147	disney_princess	e4e	diversity/disney_princess/ViT-B-16,	0.1373291015625
148	disney_princess	fse	quality/disney_princess/ViT-B-32,	0.2841796875
149	disney_princess	fse	diversity/disney_princess/ViT-B-32,	0.1680908203125
150	disney_princess	fse	quality/disney_princess/ViT-B-16,	0.296142578125
151	disney_princess	fse	diversity/disney_princess/ViT-B-16,	0.146484375
152	disney_princess	fse_with_features	quality/disney_princess/ViT-B-32,	0.24658203125
153	disney_princess	fse_with_features	diversity/disney_princess/ViT-B-32,	0.3173828125
154	disney_princess	fse_with_features	quality/disney_princess/ViT-B-16,	0.254638671875
155	disney_princess	fse_with_features	diversity/disney_princess/ViT-B-16,	0.291259765625
156	disney_princess	fse_with_generator_shift	quality/disney_princess/ViT-B-32,	0.2724609375
157	disney_princess	fse_with_generator_shift	diversity/disney_princess/ViT-B-32,	0.2305908203125
158	disney_princess	fse_with_generator_shift	quality/disney_princess/ViT-B-16,	0.281982421875
159	disney_princess	fse_with_generator_shift	diversity/disney_princess/ViT-B-16,	0.204345703125
160	remi_castaneda_sean_connery_final	orig	quality/remi_castaneda_sean_connery_final/ViT-B-32,	0.276123046875
161	remi_castaneda_sean_connery_final	orig	diversity/remi_castaneda_sean_connery_final/ViT-B-32,	0.26171875
162	remi_castaneda_sean_connery_final	orig	quality/remi_castaneda_sean_connery_final/ViT-B-16,	0.29345703125
163	remi_castaneda_sean_connery_final	orig	diversity/remi_castaneda_sean_connery_final/ViT-B-16,	0.2381591796875
164	remi_castaneda_sean_connery_final	e4e	quality/remi_castaneda_sean_connery_final/ViT-B-32,	0.276611328125
165	remi_castaneda_sean_connery_final	e4e	diversity/remi_castaneda_sean_connery_final/ViT-B-32,	0.2393798828125
166	remi_castaneda_sean_connery_final	e4e	quality/remi_castaneda_sean_connery_final/ViT-B-16,	0.28369140625
167	remi_castaneda_sean_connery_final	e4e	diversity/remi_castaneda_sean_connery_final/ViT-B-16,	0.21923828125
168	remi_castaneda_sean_connery_final	fse	quality/remi_castaneda_sean_connery_final/ViT-B-32,	0.27392578125
169	remi_castaneda_sean_connery_final	fse	diversity/remi_castaneda_sean_connery_final/ViT-B-32,	0.2464599609375
170	remi_castaneda_sean_connery_final	fse	quality/remi_castaneda_sean_connery_final/ViT-B-16,	0.279052734375
171	remi_castaneda_sean_connery_final	fse	diversity/remi_castaneda_sean_connery_final/ViT-B-16,	0.2301025390625
172	remi_castaneda_sean_connery_final	fse_with_features	quality/remi_castaneda_sean_connery_final/ViT-B-32,	0.258544921875
173	remi_castaneda_sean_connery_final	fse_with_features	diversity/remi_castaneda_sean_connery_final/ViT-B-32,	0.322265625
174	remi_castaneda_sean_connery_final	fse_with_features	quality/remi_castaneda_sean_connery_final/ViT-B-16,	0.253662109375
175	remi_castaneda_sean_connery_final	fse_with_features	diversity/remi_castaneda_sean_connery_final/ViT-B-16,	0.296630859375
176	remi_castaneda_sean_connery_final	fse_with_generator_shift	quality/remi_castaneda_sean_connery_final/ViT-B-32,	0.265625
177	remi_castaneda_sean_connery_final	fse_with_generator_shift	diversity/remi_castaneda_sean_connery_final/ViT-B-32,	0.2861328125
178	remi_castaneda_sean_connery_final	fse_with_generator_shift	quality/remi_castaneda_sean_connery_final/ViT-B-16,	0.26904296875
179	remi_castaneda_sean_connery_final	fse_with_generator_shift	diversity/remi_castaneda_sean_connery_final/ViT-B-16,	0.265625
180	stanislav_galai_04_23	orig	quality/stanislav_galai/ViT-B-32,	0.230224609375
181	stanislav_galai_04_23	orig	diversity/stanislav_galai/ViT-B-32,	0.265625
182	stanislav_galai_04_23	orig	quality/stanislav_galai/ViT-B-16,	0.211181640625
183	stanislav_galai_04_23	orig	diversity/stanislav_galai/ViT-B-16,	0.24462890625
184	stanislav_galai_04_23	e4e	quality/stanislav_galai/ViT-B-32,	0.240966796875
185	stanislav_galai_04_23	e4e	diversity/stanislav_galai/ViT-B-32,	0.255859375
186	stanislav_galai_04_23	e4e	quality/stanislav_galai/ViT-B-16,	0.21728515625
187	stanislav_galai_04_23	e4e	diversity/stanislav_galai/ViT-B-16,	0.2322998046875
188	stanislav_galai_04_23	fse	quality/stanislav_galai/ViT-B-32,	0.23974609375
189	stanislav_galai_04_23	fse	diversity/stanislav_galai/ViT-B-32,	0.27490234375
190	stanislav_galai_04_23	fse	quality/stanislav_galai/ViT-B-16,	0.2159423828125
191	stanislav_galai_04_23	fse	diversity/stanislav_galai/ViT-B-16,	0.2489013671875
192	stanislav_galai_04_23	fse_with_features	quality/stanislav_galai/ViT-B-32,	0.22802734375
193	stanislav_galai_04_23	fse_with_features	diversity/stanislav_galai/ViT-B-32,	0.35302734375
194	stanislav_galai_04_23	fse_with_features	quality/stanislav_galai/ViT-B-16,	0.211669921875
195	stanislav_galai_04_23	fse_with_features	diversity/stanislav_galai/ViT-B-16,	0.32421875
196	stanislav_galai_04_23	fse_with_generator_shift	quality/stanislav_galai/ViT-B-32,	0.2288818359375
197	stanislav_galai_04_23	fse_with_generator_shift	diversity/stanislav_galai/ViT-B-32,	0.3388671875
198	stanislav_galai_04_23	fse_with_generator_shift	quality/stanislav_galai/ViT-B-16,	0.212890625
199	stanislav_galai_04_23	fse_with_generator_shift	diversity/stanislav_galai/ViT-B-16,	0.31494140625
200	anastasia	orig	quality/anastasia/ViT-B-32,	0.2337646484375
201	anastasia	orig	diversity/anastasia/ViT-B-32,	0.2666015625
202	anastasia	orig	quality/anastasia/ViT-B-16,	0.2646484375
203	anastasia	orig	diversity/anastasia/ViT-B-16,	0.2474365234375
204	anastasia	e4e	quality/anastasia/ViT-B-32,	0.23876953125
205	anastasia	e4e	diversity/anastasia/ViT-B-32,	0.243408203125
206	anastasia	e4e	quality/anastasia/ViT-B-16,	0.267333984375
207	anastasia	e4e	diversity/anastasia/ViT-B-16,	0.22900390625
208	anastasia	fse	quality/anastasia/ViT-B-32,	0.23876953125
209	anastasia	fse	diversity/anastasia/ViT-B-32,	0.2449951171875
210	anastasia	fse	quality/anastasia/ViT-B-16,	0.262939453125
211	anastasia	fse	diversity/anastasia/ViT-B-16,	0.2288818359375
212	anastasia	fse_with_features	quality/anastasia/ViT-B-32,	0.226806640625
213	anastasia	fse_with_features	diversity/anastasia/ViT-B-32,	0.342529296875
214	anastasia	fse_with_features	quality/anastasia/ViT-B-16,	0.250732421875
215	anastasia	fse_with_features	diversity/anastasia/ViT-B-16,	0.30517578125
216	anastasia	fse_with_generator_shift	quality/anastasia/ViT-B-32,	0.23193359375
217	anastasia	fse_with_generator_shift	diversity/anastasia/ViT-B-32,	0.319580078125
218	anastasia	fse_with_generator_shift	quality/anastasia/ViT-B-16,	0.2548828125
219	anastasia	fse_with_generator_shift	diversity/anastasia/ViT-B-16,	0.287353515625
220	sketch	orig	quality/sketch/ViT-B-32,	0.27392578125
221	sketch	orig	diversity/sketch/ViT-B-32,	0.154296875
222	sketch	orig	quality/sketch/ViT-B-16,	0.278076171875
223	sketch	orig	diversity/sketch/ViT-B-16,	0.1602783203125
224	sketch	e4e	quality/sketch/ViT-B-32,	0.262939453125
225	sketch	e4e	diversity/sketch/ViT-B-32,	0.1729736328125
226	sketch	e4e	quality/sketch/ViT-B-16,	0.26611328125
227	sketch	e4e	diversity/sketch/ViT-B-16,	0.166015625
228	sketch	fse	quality/sketch/ViT-B-32,	0.261962890625
229	sketch	fse	diversity/sketch/ViT-B-32,	0.1636962890625
230	sketch	fse	quality/sketch/ViT-B-16,	0.263916015625
231	sketch	fse	diversity/sketch/ViT-B-16,	0.1556396484375
232	sketch	fse_with_features	quality/sketch/ViT-B-32,	0.252685546875
233	sketch	fse_with_features	diversity/sketch/ViT-B-32,	0.299072265625
234	sketch	fse_with_features	quality/sketch/ViT-B-16,	0.25634765625
235	sketch	fse_with_features	diversity/sketch/ViT-B-16,	0.280029296875
236	sketch	fse_with_generator_shift	quality/sketch/ViT-B-32,	0.258056640625
237	sketch	fse_with_generator_shift	diversity/sketch/ViT-B-32,	0.2568359375
238	sketch	fse_with_generator_shift	quality/sketch/ViT-B-16,	0.262451171875
239	sketch	fse_with_generator_shift	diversity/sketch/ViT-B-16,	0.2435302734375
240	maria_trepalina_img_6833_1	orig	quality/maria_trepalina/ViT-B-32,	0.220458984375
241	maria_trepalina_img_6833_1	orig	diversity/maria_trepalina/ViT-B-32,	0.253662109375
242	maria_trepalina_img_6833_1	orig	quality/maria_trepalina/ViT-B-16,	0.2305908203125
243	maria_trepalina_img_6833_1	orig	diversity/maria_trepalina/ViT-B-16,	0.232177734375
244	maria_trepalina_img_6833_1	e4e	quality/maria_trepalina/ViT-B-32,	0.2257080078125
245	maria_trepalina_img_6833_1	e4e	diversity/maria_trepalina/ViT-B-32,	0.244873046875
246	maria_trepalina_img_6833_1	e4e	quality/maria_trepalina/ViT-B-16,	0.232666015625
247	maria_trepalina_img_6833_1	e4e	diversity/maria_trepalina/ViT-B-16,	0.21826171875
248	maria_trepalina_img_6833_1	fse	quality/maria_trepalina/ViT-B-32,	0.2257080078125
249	maria_trepalina_img_6833_1	fse	diversity/maria_trepalina/ViT-B-32,	0.25390625
250	maria_trepalina_img_6833_1	fse	quality/maria_trepalina/ViT-B-16,	0.23486328125
251	maria_trepalina_img_6833_1	fse	diversity/maria_trepalina/ViT-B-16,	0.2264404296875
252	maria_trepalina_img_6833_1	fse_with_features	quality/maria_trepalina/ViT-B-32,	0.2242431640625
253	maria_trepalina_img_6833_1	fse_with_features	diversity/maria_trepalina/ViT-B-32,	0.327392578125
254	maria_trepalina_img_6833_1	fse_with_features	quality/maria_trepalina/ViT-B-16,	0.23828125
255	maria_trepalina_img_6833_1	fse_with_features	diversity/maria_trepalina/ViT-B-16,	0.285888671875
256	maria_trepalina_img_6833_1	fse_with_generator_shift	quality/maria_trepalina/ViT-B-32,	0.2237548828125
257	maria_trepalina_img_6833_1	fse_with_generator_shift	diversity/maria_trepalina/ViT-B-32,	0.3134765625
258	maria_trepalina_img_6833_1	fse_with_generator_shift	quality/maria_trepalina/ViT-B-16,	0.2386474609375
259	maria_trepalina_img_6833_1	fse_with_generator_shift	diversity/maria_trepalina/ViT-B-16,	0.275634765625
260	rain_artwork_dtiyschallennge	orig	quality/rain_artwork_dtiyschallennge/ViT-B-32,	0.1944580078125
261	rain_artwork_dtiyschallennge	orig	diversity/rain_artwork_dtiyschallennge/ViT-B-32,	0.2099609375
262	rain_artwork_dtiyschallennge	orig	quality/rain_artwork_dtiyschallennge/ViT-B-16,	0.218505859375
263	rain_artwork_dtiyschallennge	orig	diversity/rain_artwork_dtiyschallennge/ViT-B-16,	0.2037353515625
264	rain_artwork_dtiyschallennge	e4e	quality/rain_artwork_dtiyschallennge/ViT-B-32,	0.1966552734375
265	rain_artwork_dtiyschallennge	e4e	diversity/rain_artwork_dtiyschallennge/ViT-B-32,	0.1956787109375
266	rain_artwork_dtiyschallennge	e4e	quality/rain_artwork_dtiyschallennge/ViT-B-16,	0.2200927734375
267	rain_artwork_dtiyschallennge	e4e	diversity/rain_artwork_dtiyschallennge/ViT-B-16,	0.1824951171875
268	rain_artwork_dtiyschallennge	fse	quality/rain_artwork_dtiyschallennge/ViT-B-32,	0.1961669921875
269	rain_artwork_dtiyschallennge	fse	diversity/rain_artwork_dtiyschallennge/ViT-B-32,	0.1993408203125
270	rain_artwork_dtiyschallennge	fse	quality/rain_artwork_dtiyschallennge/ViT-B-16,	0.2208251953125
271	rain_artwork_dtiyschallennge	fse	diversity/rain_artwork_dtiyschallennge/ViT-B-16,	0.1832275390625
272	rain_artwork_dtiyschallennge	fse_with_features	quality/rain_artwork_dtiyschallennge/ViT-B-32,	0.1986083984375
273	rain_artwork_dtiyschallennge	fse_with_features	diversity/rain_artwork_dtiyschallennge/ViT-B-32,	0.29150390625
274	rain_artwork_dtiyschallennge	fse_with_features	quality/rain_artwork_dtiyschallennge/ViT-B-16,	0.222900390625
275	rain_artwork_dtiyschallennge	fse_with_features	diversity/rain_artwork_dtiyschallennge/ViT-B-16,	0.269287109375
276	rain_artwork_dtiyschallennge	fse_with_generator_shift	quality/rain_artwork_dtiyschallennge/ViT-B-32,	0.1981201171875
277	rain_artwork_dtiyschallennge	fse_with_generator_shift	diversity/rain_artwork_dtiyschallennge/ViT-B-32,	0.2646484375
278	rain_artwork_dtiyschallennge	fse_with_generator_shift	quality/rain_artwork_dtiyschallennge/ViT-B-16,	0.2236328125
279	rain_artwork_dtiyschallennge	fse_with_generator_shift	diversity/rain_artwork_dtiyschallennge/ViT-B-16,	0.2479248046875
280	mermaid	orig	quality/mermaid/ViT-B-32,	0.224609375
281	mermaid	orig	diversity/mermaid/ViT-B-32,	0.2000732421875
282	mermaid	orig	quality/mermaid/ViT-B-16,	0.22412109375
283	mermaid	orig	diversity/mermaid/ViT-B-16,	0.190673828125
284	mermaid	e4e	quality/mermaid/ViT-B-32,	0.228515625
285	mermaid	e4e	diversity/mermaid/ViT-B-32,	0.163818359375
286	mermaid	e4e	quality/mermaid/ViT-B-16,	0.2271728515625
287	mermaid	e4e	diversity/mermaid/ViT-B-16,	0.15966796875
288	mermaid	fse	quality/mermaid/ViT-B-32,	0.2305908203125
289	mermaid	fse	diversity/mermaid/ViT-B-32,	0.17236328125
290	mermaid	fse	quality/mermaid/ViT-B-16,	0.2254638671875
291	mermaid	fse	diversity/mermaid/ViT-B-16,	0.1605224609375
292	mermaid	fse_with_features	quality/mermaid/ViT-B-32,	0.217041015625
293	mermaid	fse_with_features	diversity/mermaid/ViT-B-32,	0.290283203125
294	mermaid	fse_with_features	quality/mermaid/ViT-B-16,	0.2198486328125
295	mermaid	fse_with_features	diversity/mermaid/ViT-B-16,	0.26318359375
296	mermaid	fse_with_generator_shift	quality/mermaid/ViT-B-32,	0.2236328125
297	mermaid	fse_with_generator_shift	diversity/mermaid/ViT-B-32,	0.2445068359375
298	mermaid	fse_with_generator_shift	quality/mermaid/ViT-B-16,	0.22607421875
299	mermaid	fse_with_generator_shift	diversity/mermaid/ViT-B-16,	0.2244873046875
300	truc_huynh_hex_009v2	orig	quality/truc_huynh_hex/ViT-B-32,	0.2354736328125
301	truc_huynh_hex_009v2	orig	diversity/truc_huynh_hex/ViT-B-32,	0.244140625
302	truc_huynh_hex_009v2	orig	quality/truc_huynh_hex/ViT-B-16,	0.2281494140625
303	truc_huynh_hex_009v2	orig	diversity/truc_huynh_hex/ViT-B-16,	0.2274169921875
304	truc_huynh_hex_009v2	e4e	quality/truc_huynh_hex/ViT-B-32,	0.2364501953125
305	truc_huynh_hex_009v2	e4e	diversity/truc_huynh_hex/ViT-B-32,	0.2412109375
306	truc_huynh_hex_009v2	e4e	quality/truc_huynh_hex/ViT-B-16,	0.2255859375
307	truc_huynh_hex_009v2	e4e	diversity/truc_huynh_hex/ViT-B-16,	0.2235107421875
308	truc_huynh_hex_009v2	fse	quality/truc_huynh_hex/ViT-B-32,	0.2344970703125
309	truc_huynh_hex_009v2	fse	diversity/truc_huynh_hex/ViT-B-32,	0.244873046875
310	truc_huynh_hex_009v2	fse	quality/truc_huynh_hex/ViT-B-16,	0.227294921875
311	truc_huynh_hex_009v2	fse	diversity/truc_huynh_hex/ViT-B-16,	0.2314453125
312	truc_huynh_hex_009v2	fse_with_features	quality/truc_huynh_hex/ViT-B-32,	0.227294921875
313	truc_huynh_hex_009v2	fse_with_features	diversity/truc_huynh_hex/ViT-B-32,	0.31787109375
314	truc_huynh_hex_009v2	fse_with_features	quality/truc_huynh_hex/ViT-B-16,	0.228271484375
315	truc_huynh_hex_009v2	fse_with_features	diversity/truc_huynh_hex/ViT-B-16,	0.285888671875
316	truc_huynh_hex_009v2	fse_with_generator_shift	quality/truc_huynh_hex/ViT-B-32,	0.2283935546875
317	truc_huynh_hex_009v2	fse_with_generator_shift	diversity/truc_huynh_hex/ViT-B-32,	0.30224609375
318	truc_huynh_hex_009v2	fse_with_generator_shift	quality/truc_huynh_hex/ViT-B-16,	0.2288818359375
319	truc_huynh_hex_009v2	fse_with_generator_shift	diversity/truc_huynh_hex/ViT-B-16,	0.2763671875
320	speed_paint	orig	quality/speed_paint/ViT-B-32,	0.2431640625
321	speed_paint	orig	diversity/speed_paint/ViT-B-32,	0.251220703125
322	speed_paint	orig	quality/speed_paint/ViT-B-16,	0.2445068359375
323	speed_paint	orig	diversity/speed_paint/ViT-B-16,	0.22802734375
324	speed_paint	e4e	quality/speed_paint/ViT-B-32,	0.244384765625
325	speed_paint	e4e	diversity/speed_paint/ViT-B-32,	0.234375
326	speed_paint	e4e	quality/speed_paint/ViT-B-16,	0.2462158203125
327	speed_paint	e4e	diversity/speed_paint/ViT-B-16,	0.20849609375
328	speed_paint	fse	quality/speed_paint/ViT-B-32,	0.239990234375
329	speed_paint	fse	diversity/speed_paint/ViT-B-32,	0.24853515625
330	speed_paint	fse	quality/speed_paint/ViT-B-16,	0.2410888671875
331	speed_paint	fse	diversity/speed_paint/ViT-B-16,	0.2200927734375
332	speed_paint	fse_with_features	quality/speed_paint/ViT-B-32,	0.2255859375
333	speed_paint	fse_with_features	diversity/speed_paint/ViT-B-32,	0.35205078125
334	speed_paint	fse_with_features	quality/speed_paint/ViT-B-16,	0.22900390625
335	speed_paint	fse_with_features	diversity/speed_paint/ViT-B-16,	0.309326171875
336	speed_paint	fse_with_generator_shift	quality/speed_paint/ViT-B-32,	0.229736328125
337	speed_paint	fse_with_generator_shift	diversity/speed_paint/ViT-B-32,	0.32861328125
338	speed_paint	fse_with_generator_shift	quality/speed_paint/ViT-B-16,	0.232421875
339	speed_paint	fse_with_generator_shift	diversity/speed_paint/ViT-B-16,	0.289306640625
340	naufal_ilyasa_seraphine_ig_full_res	orig	quality/naufal_ilyasa_seraphine/ViT-B-32,	0.217041015625
341	naufal_ilyasa_seraphine_ig_full_res	orig	diversity/naufal_ilyasa_seraphine/ViT-B-32,	0.278076171875
342	naufal_ilyasa_seraphine_ig_full_res	orig	quality/naufal_ilyasa_seraphine/ViT-B-16,	0.227783203125
343	naufal_ilyasa_seraphine_ig_full_res	orig	diversity/naufal_ilyasa_seraphine/ViT-B-16,	0.2548828125
344	naufal_ilyasa_seraphine_ig_full_res	e4e	quality/naufal_ilyasa_seraphine/ViT-B-32,	0.22314453125
345	naufal_ilyasa_seraphine_ig_full_res	e4e	diversity/naufal_ilyasa_seraphine/ViT-B-32,	0.271240234375
346	naufal_ilyasa_seraphine_ig_full_res	e4e	quality/naufal_ilyasa_seraphine/ViT-B-16,	0.2313232421875
347	naufal_ilyasa_seraphine_ig_full_res	e4e	diversity/naufal_ilyasa_seraphine/ViT-B-16,	0.24365234375
348	naufal_ilyasa_seraphine_ig_full_res	fse	quality/naufal_ilyasa_seraphine/ViT-B-32,	0.2227783203125
349	naufal_ilyasa_seraphine_ig_full_res	fse	diversity/naufal_ilyasa_seraphine/ViT-B-32,	0.275146484375
350	naufal_ilyasa_seraphine_ig_full_res	fse	quality/naufal_ilyasa_seraphine/ViT-B-16,	0.23388671875
351	naufal_ilyasa_seraphine_ig_full_res	fse	diversity/naufal_ilyasa_seraphine/ViT-B-16,	0.2490234375
352	naufal_ilyasa_seraphine_ig_full_res	fse_with_features	quality/naufal_ilyasa_seraphine/ViT-B-32,	0.215576171875
353	naufal_ilyasa_seraphine_ig_full_res	fse_with_features	diversity/naufal_ilyasa_seraphine/ViT-B-32,	0.328369140625
354	naufal_ilyasa_seraphine_ig_full_res	fse_with_features	quality/naufal_ilyasa_seraphine/ViT-B-16,	0.2322998046875
355	naufal_ilyasa_seraphine_ig_full_res	fse_with_features	diversity/naufal_ilyasa_seraphine/ViT-B-16,	0.296142578125
356	naufal_ilyasa_seraphine_ig_full_res	fse_with_generator_shift	quality/naufal_ilyasa_seraphine/ViT-B-32,	0.2158203125
357	naufal_ilyasa_seraphine_ig_full_res	fse_with_generator_shift	diversity/naufal_ilyasa_seraphine/ViT-B-32,	0.317626953125
358	naufal_ilyasa_seraphine_ig_full_res	fse_with_generator_shift	quality/naufal_ilyasa_seraphine/ViT-B-16,	0.232666015625
359	naufal_ilyasa_seraphine_ig_full_res	fse_with_generator_shift	diversity/naufal_ilyasa_seraphine/ViT-B-16,	0.2900390625
360	rich_d_amaru_studyfinal	orig	quality/rich_d_amaru_studyfinal/ViT-B-32,	0.2119140625
361	rich_d_amaru_studyfinal	orig	diversity/rich_d_amaru_studyfinal/ViT-B-32,	0.244873046875
362	rich_d_amaru_studyfinal	orig	quality/rich_d_amaru_studyfinal/ViT-B-16,	0.226318359375
363	rich_d_amaru_studyfinal	orig	diversity/rich_d_amaru_studyfinal/ViT-B-16,	0.2352294921875
364	rich_d_amaru_studyfinal	e4e	quality/rich_d_amaru_studyfinal/ViT-B-32,	0.21435546875
365	rich_d_amaru_studyfinal	e4e	diversity/rich_d_amaru_studyfinal/ViT-B-32,	0.2413330078125
366	rich_d_amaru_studyfinal	e4e	quality/rich_d_amaru_studyfinal/ViT-B-16,	0.229248046875
367	rich_d_amaru_studyfinal	e4e	diversity/rich_d_amaru_studyfinal/ViT-B-16,	0.2198486328125
368	rich_d_amaru_studyfinal	fse	quality/rich_d_amaru_studyfinal/ViT-B-32,	0.21337890625
369	rich_d_amaru_studyfinal	fse	diversity/rich_d_amaru_studyfinal/ViT-B-32,	0.25830078125
370	rich_d_amaru_studyfinal	fse	quality/rich_d_amaru_studyfinal/ViT-B-16,	0.2264404296875
371	rich_d_amaru_studyfinal	fse	diversity/rich_d_amaru_studyfinal/ViT-B-16,	0.235595703125
372	rich_d_amaru_studyfinal	fse_with_features	quality/rich_d_amaru_studyfinal/ViT-B-32,	0.2171630859375
373	rich_d_amaru_studyfinal	fse_with_features	diversity/rich_d_amaru_studyfinal/ViT-B-32,	0.345703125
374	rich_d_amaru_studyfinal	fse_with_features	quality/rich_d_amaru_studyfinal/ViT-B-16,	0.227783203125
375	rich_d_amaru_studyfinal	fse_with_features	diversity/rich_d_amaru_studyfinal/ViT-B-16,	0.313720703125
376	rich_d_amaru_studyfinal	fse_with_generator_shift	quality/rich_d_amaru_studyfinal/ViT-B-32,	0.216064453125
377	rich_d_amaru_studyfinal	fse_with_generator_shift	diversity/rich_d_amaru_studyfinal/ViT-B-32,	0.3251953125
378	rich_d_amaru_studyfinal	fse_with_generator_shift	quality/rich_d_amaru_studyfinal/ViT-B-16,	0.227783203125
379	rich_d_amaru_studyfinal	fse_with_generator_shift	diversity/rich_d_amaru_studyfinal/ViT-B-16,	0.296630859375
380	ricardo_viana_render2	orig	quality/ricardo_viana_render/ViT-B-32,	0.259765625
381	ricardo_viana_render2	orig	diversity/ricardo_viana_render/ViT-B-32,	0.2374267578125
382	ricardo_viana_render2	orig	quality/ricardo_viana_render/ViT-B-16,	0.268310546875
383	ricardo_viana_render2	orig	diversity/ricardo_viana_render/ViT-B-16,	0.225830078125
384	ricardo_viana_render2	e4e	quality/ricardo_viana_render/ViT-B-32,	0.26708984375
385	ricardo_viana_render2	e4e	diversity/ricardo_viana_render/ViT-B-32,	0.214111328125
386	ricardo_viana_render2	e4e	quality/ricardo_viana_render/ViT-B-16,	0.2744140625
387	ricardo_viana_render2	e4e	diversity/ricardo_viana_render/ViT-B-16,	0.2020263671875
388	ricardo_viana_render2	fse	quality/ricardo_viana_render/ViT-B-32,	0.268310546875
389	ricardo_viana_render2	fse	diversity/ricardo_viana_render/ViT-B-32,	0.2252197265625
390	ricardo_viana_render2	fse	quality/ricardo_viana_render/ViT-B-16,	0.27490234375
391	ricardo_viana_render2	fse	diversity/ricardo_viana_render/ViT-B-16,	0.210693359375
392	ricardo_viana_render2	fse_with_features	quality/ricardo_viana_render/ViT-B-32,	0.262939453125
393	ricardo_viana_render2	fse_with_features	diversity/ricardo_viana_render/ViT-B-32,	0.3212890625
394	ricardo_viana_render2	fse_with_features	quality/ricardo_viana_render/ViT-B-16,	0.271484375
395	ricardo_viana_render2	fse_with_features	diversity/ricardo_viana_render/ViT-B-16,	0.292724609375
396	ricardo_viana_render2	fse_with_generator_shift	quality/ricardo_viana_render/ViT-B-32,	0.263427734375
397	ricardo_viana_render2	fse_with_generator_shift	diversity/ricardo_viana_render/ViT-B-32,	0.298828125
398	ricardo_viana_render2	fse_with_generator_shift	quality/ricardo_viana_render/ViT-B-16,	0.273193359375
399	ricardo_viana_render2	fse_with_generator_shift	diversity/ricardo_viana_render/ViT-B-16,	0.28076171875
400	wesley_gardner_portraitstudy	orig	quality/wesley_gardner_portraitstudy/ViT-B-32,	0.27685546875
401	wesley_gardner_portraitstudy	orig	diversity/wesley_gardner_portraitstudy/ViT-B-32,	0.31982421875
402	wesley_gardner_portraitstudy	orig	quality/wesley_gardner_portraitstudy/ViT-B-16,	0.287109375
403	wesley_gardner_portraitstudy	orig	diversity/wesley_gardner_portraitstudy/ViT-B-16,	0.28955078125
404	wesley_gardner_portraitstudy	e4e	quality/wesley_gardner_portraitstudy/ViT-B-32,	0.2783203125
405	wesley_gardner_portraitstudy	e4e	diversity/wesley_gardner_portraitstudy/ViT-B-32,	0.306884765625
406	wesley_gardner_portraitstudy	e4e	quality/wesley_gardner_portraitstudy/ViT-B-16,	0.294677734375
407	wesley_gardner_portraitstudy	e4e	diversity/wesley_gardner_portraitstudy/ViT-B-16,	0.276123046875
408	wesley_gardner_portraitstudy	fse	quality/wesley_gardner_portraitstudy/ViT-B-32,	0.2763671875
409	wesley_gardner_portraitstudy	fse	diversity/wesley_gardner_portraitstudy/ViT-B-32,	0.326171875
410	wesley_gardner_portraitstudy	fse	quality/wesley_gardner_portraitstudy/ViT-B-16,	0.28759765625
411	wesley_gardner_portraitstudy	fse	diversity/wesley_gardner_portraitstudy/ViT-B-16,	0.292724609375
412	wesley_gardner_portraitstudy	fse_with_features	quality/wesley_gardner_portraitstudy/ViT-B-32,	0.26318359375
413	wesley_gardner_portraitstudy	fse_with_features	diversity/wesley_gardner_portraitstudy/ViT-B-32,	0.39404296875
414	wesley_gardner_portraitstudy	fse_with_features	quality/wesley_gardner_portraitstudy/ViT-B-16,	0.271728515625
415	wesley_gardner_portraitstudy	fse_with_features	diversity/wesley_gardner_portraitstudy/ViT-B-16,	0.34912109375
416	wesley_gardner_portraitstudy	fse_with_generator_shift	quality/wesley_gardner_portraitstudy/ViT-B-32,	0.265869140625
417	wesley_gardner_portraitstudy	fse_with_generator_shift	diversity/wesley_gardner_portraitstudy/ViT-B-32,	0.37939453125
418	wesley_gardner_portraitstudy	fse_with_generator_shift	quality/wesley_gardner_portraitstudy/ViT-B-16,	0.27587890625
419	wesley_gardner_portraitstudy	fse_with_generator_shift	diversity/wesley_gardner_portraitstudy/ViT-B-16,	0.337890625
420	titan_erwin	orig	quality/titan_erwin/ViT-B-32,	0.27001953125
421	titan_erwin	orig	diversity/titan_erwin/ViT-B-32,	0.2099609375
422	titan_erwin	orig	quality/titan_erwin/ViT-B-16,	0.287353515625
423	titan_erwin	orig	diversity/titan_erwin/ViT-B-16,	0.198486328125
424	titan_erwin	e4e	quality/titan_erwin/ViT-B-32,	0.273681640625
425	titan_erwin	e4e	diversity/titan_erwin/ViT-B-32,	0.189208984375
426	titan_erwin	e4e	quality/titan_erwin/ViT-B-16,	0.291259765625
427	titan_erwin	e4e	diversity/titan_erwin/ViT-B-16,	0.187744140625
428	titan_erwin	fse	quality/titan_erwin/ViT-B-32,	0.27197265625
429	titan_erwin	fse	diversity/titan_erwin/ViT-B-32,	0.1968994140625
430	titan_erwin	fse	quality/titan_erwin/ViT-B-16,	0.282958984375
431	titan_erwin	fse	diversity/titan_erwin/ViT-B-16,	0.1947021484375
432	titan_erwin	fse_with_features	quality/titan_erwin/ViT-B-32,	0.2452392578125
433	titan_erwin	fse_with_features	diversity/titan_erwin/ViT-B-32,	0.294677734375
434	titan_erwin	fse_with_features	quality/titan_erwin/ViT-B-16,	0.2421875
435	titan_erwin	fse_with_features	diversity/titan_erwin/ViT-B-16,	0.278564453125
436	titan_erwin	fse_with_generator_shift	quality/titan_erwin/ViT-B-32,	0.25634765625
437	titan_erwin	fse_with_generator_shift	diversity/titan_erwin/ViT-B-32,	0.25732421875
438	titan_erwin	fse_with_generator_shift	quality/titan_erwin/ViT-B-16,	0.259033203125
439	titan_erwin	fse_with_generator_shift	diversity/titan_erwin/ViT-B-16,	0.2481689453125
